Date,Open,High,Low,Close,Adj Close,Volume
"Jul 27, 2020","1,435.00","1,547.94","1,413.00","1,539.60","1,539.60","16,048,700"
"Jul 24, 2020","1,416.01","1,465.00","1,366.54","1,417.00","1,417.00","19,396,600"
"Jul 23, 2020","1,678.95","1,689.00","1,480.77","1,513.07","1,513.07","24,328,500"
"Jul 22, 2020","1,599.00","1,626.42","1,562.00","1,592.33","1,592.33","14,161,100"
"Jul 21, 2020","1,639.93","1,675.00","1,558.00","1,568.36","1,568.36","16,157,300"
"Jul 20, 2020","1,519.01","1,650.00","1,488.00","1,643.00","1,643.00","17,121,400"
"Jul 17, 2020","1,513.45","1,537.51","1,490.00","1,500.84","1,500.84","9,330,000"
"Jul 16, 2020","1,477.16","1,531.71","1,466.00","1,500.64","1,500.64","14,300,800"
"Jul 15, 2020","1,543.00","1,550.00","1,457.00","1,546.01","1,546.01","16,367,800"
"Jul 14, 2020","1,556.00","1,590.00","1,431.00","1,516.80","1,516.80","23,418,100"
"Jul 13, 2020","1,659.00","1,794.99","1,471.11","1,497.06","1,497.06","38,985,400"
"Jul 10, 2020","1,396.00","1,548.92","1,376.01","1,544.65","1,544.65","23,337,600"
"Jul 09, 2020","1,396.99","1,408.56","1,351.28","1,394.28","1,394.28","11,717,600"
"Jul 08, 2020","1,405.00","1,417.26","1,311.34","1,365.88","1,365.88","16,311,300"
"Jul 07, 2020","1,405.01","1,429.50","1,336.71","1,389.86","1,389.86","21,489,700"
"Jul 06, 2020","1,276.69","1,377.79","1,266.04","1,371.58","1,371.58","20,569,900"
"Jul 02, 2020","1,221.48","1,228.00","1,185.60","1,208.66","1,208.66","17,250,100"
"Jul 01, 2020","1,083.00","1,135.33","1,080.50","1,119.63","1,119.63","13,326,900"
"Jun 30, 2020","1,006.50","1,087.69","1,003.73","1,079.81","1,079.81","16,918,500"
"Jun 29, 2020",969.01,"1,010.00",948.52,"1,009.35","1,009.35","9,026,400"
"Jun 26, 2020",994.78,995.00,954.87,959.74,959.74,"8,854,900"
"Jun 25, 2020",954.27,985.98,937.15,985.98,985.98,"9,254,500"
"Jun 24, 2020",994.11,"1,000.88",953.14,960.85,960.85,"10,959,600"
"Jun 23, 2020",998.88,"1,012.00",994.01,"1,001.78","1,001.78","6,365,300"
"Jun 22, 2020",999.95,"1,008.88",990.02,994.32,994.32,"6,362,400"
"Jun 19, 2020","1,012.78","1,015.97",991.34,"1,000.90","1,000.90","8,679,700"
"Jun 18, 2020","1,003.00","1,019.20",994.47,"1,003.96","1,003.96","9,751,900"
"Jun 17, 2020",987.71,"1,005.00",982.57,991.79,991.79,"9,869,400"
"Jun 16, 2020","1,011.85","1,012.88",962.39,982.13,982.13,"14,051,100"
"Jun 15, 2020",917.79,998.84,908.50,990.90,990.90,"15,697,200"
"Jun 12, 2020",980.00,987.98,912.60,935.28,935.28,"16,730,200"
"Jun 11, 2020",990.20,"1,018.96",972.00,972.84,972.84,"15,916,500"
"Jun 10, 2020",991.88,"1,027.48",982.50,"1,025.05","1,025.05","18,563,400"
"Jun 09, 2020",940.01,954.44,923.93,940.67,940.67,"11,388,200"
"Jun 08, 2020",919.00,950.00,909.16,949.92,949.92,"14,174,700"
"Jun 05, 2020",877.84,886.52,866.20,885.66,885.66,"7,811,900"
"Jun 04, 2020",889.88,895.75,858.44,864.38,864.38,"8,887,700"
"Jun 03, 2020",888.12,897.94,880.10,882.96,882.96,"7,949,500"
"Jun 02, 2020",894.70,908.66,871.00,881.56,881.56,"13,565,600"
"Jun 01, 2020",858.00,899.00,854.10,898.10,898.10,"14,939,500"
"May 29, 2020",808.75,835.00,804.21,835.00,835.00,"11,812,500"
"May 28, 2020",813.51,824.75,801.69,805.81,805.81,"7,255,600"
"May 27, 2020",820.86,827.71,785.00,820.23,820.23,"11,549,500"
"May 26, 2020",834.50,834.60,815.71,818.87,818.87,"8,089,700"
"May 22, 2020",822.17,831.78,812.00,816.88,816.88,"9,987,500"
"May 21, 2020",816.00,832.50,796.00,827.60,827.60,"12,254,600"
"May 20, 2020",820.50,826.00,811.80,815.56,815.56,"7,309,300"
"May 19, 2020",815.17,822.07,806.08,808.01,808.01,"9,636,500"
"May 18, 2020",827.78,834.72,803.88,813.63,813.63,"11,698,100"
"May 15, 2020",790.35,805.05,786.55,799.17,799.17,"10,518,400"
"May 14, 2020",780.00,803.36,764.00,803.33,803.33,"13,682,200"
"May 13, 2020",820.83,826.00,763.30,790.96,790.96,"19,065,500"
"May 12, 2020",827.00,843.29,808.00,809.41,809.41,"15,906,900"
"May 11, 2020",790.51,824.00,785.00,811.29,811.29,"16,519,600"
"May 08, 2020",793.77,824.00,787.01,819.42,819.42,"16,130,100"
"May 07, 2020",777.21,796.40,772.35,780.04,780.04,"11,527,700"
"May 06, 2020",776.50,789.80,761.11,782.58,782.58,"11,123,200"
"May 05, 2020",789.79,798.92,762.18,768.21,768.21,"16,991,700"
"May 04, 2020",701.00,762.00,698.00,761.19,761.19,"19,237,100"
"May 01, 2020",755.00,772.77,683.04,701.32,701.32,"32,531,800"
"Apr 30, 2020",855.19,869.82,763.50,781.88,781.88,"28,400,100"
"Apr 29, 2020",790.17,803.20,783.16,800.51,800.51,"16,216,000"
"Apr 28, 2020",795.64,805.00,756.69,769.12,769.12,"15,222,000"
"Apr 27, 2020",737.61,799.49,735.00,798.75,798.75,"20,681,400"
"Apr 24, 2020",710.81,730.73,698.18,725.15,725.15,"13,237,600"
"Apr 23, 2020",727.60,734.00,703.13,705.63,705.63,"13,236,700"
"Apr 22, 2020",703.98,734.00,688.71,732.11,732.11,"14,224,800"
"Apr 21, 2020",730.12,753.33,673.79,686.72,686.72,"20,209,100"
"Apr 20, 2020",732.70,765.57,712.21,746.36,746.36,"14,746,600"
"Apr 17, 2020",772.28,774.95,747.66,753.89,753.89,"13,128,200"
"Apr 16, 2020",716.94,759.45,706.72,745.21,745.21,"20,657,900"
"Apr 15, 2020",742.00,753.13,710.00,729.83,729.83,"23,577,000"
"Apr 14, 2020",698.97,741.88,692.43,709.89,709.89,"30,576,500"
"Apr 13, 2020",590.16,652.00,580.53,650.95,650.95,"22,475,400"
"Apr 09, 2020",562.09,575.18,557.11,573.00,573.00,"13,650,000"
"Apr 08, 2020",554.20,557.21,533.33,548.84,548.84,"12,656,000"
"Apr 07, 2020",545.00,565.00,532.34,545.45,545.45,"17,919,800"
"Apr 06, 2020",511.20,521.00,497.96,516.24,516.24,"14,901,800"
"Apr 03, 2020",509.50,515.49,468.39,480.01,480.01,"22,562,100"
"Apr 02, 2020",481.03,494.26,446.40,454.47,454.47,"19,858,400"
"Apr 01, 2020",504.00,513.95,475.10,481.56,481.56,"13,353,200"
"Mar 31, 2020",501.25,542.96,497.00,524.00,524.00,"17,771,500"
"Mar 30, 2020",510.26,516.65,491.23,502.13,502.13,"11,998,100"
"Mar 27, 2020",505.00,525.80,494.03,514.36,514.36,"14,377,400"
"Mar 26, 2020",547.39,560.00,512.25,528.16,528.16,"17,380,700"
"Mar 25, 2020",545.25,557.00,511.11,539.25,539.25,"21,222,700"
"Mar 24, 2020",477.30,513.69,474.00,505.00,505.00,"22,895,200"
"Mar 23, 2020",433.60,442.00,410.50,434.29,434.29,"16,454,500"
"Mar 20, 2020",438.20,477.00,425.79,427.53,427.53,"28,285,500"
"Mar 19, 2020",374.70,452.00,358.46,427.64,427.64,"30,195,500"
"Mar 18, 2020",389.00,404.86,350.51,361.22,361.22,"23,786,200"
"Mar 17, 2020",440.01,471.85,396.00,430.20,430.20,"23,994,600"
"Mar 16, 2020",469.50,494.87,442.17,445.07,445.07,"20,489,500"
"Mar 13, 2020",595.00,607.57,502.00,546.62,546.62,"22,640,300"
"Mar 12, 2020",580.89,594.50,546.25,560.55,560.55,"18,909,100"
"Mar 11, 2020",640.20,653.58,613.00,634.23,634.23,"13,322,500"
"Mar 10, 2020",659.43,668.00,608.00,645.33,645.33,"15,594,400"
"Mar 09, 2020",605.39,663.00,605.00,608.00,608.00,"17,073,700"
"Mar 06, 2020",690.00,707.00,684.27,703.48,703.48,"12,662,900"
"Mar 05, 2020",723.77,745.75,718.07,724.54,724.54,"10,852,700"
"Mar 04, 2020",763.96,766.52,724.73,749.50,749.50,"15,049,000"
"Mar 03, 2020",805.00,806.98,716.11,745.51,745.51,"25,784,000"
"Mar 02, 2020",711.26,743.69,686.67,743.62,743.62,"20,195,000"
"Feb 28, 2020",629.70,690.52,611.52,667.99,667.99,"24,564,200"
"Feb 27, 2020",730.00,739.77,669.00,679.00,679.00,"24,149,300"
"Feb 26, 2020",782.50,813.31,776.11,778.80,778.80,"14,085,500"
"Feb 25, 2020",849.00,856.60,787.00,799.91,799.91,"17,290,500"
"Feb 24, 2020",839.00,863.50,822.20,833.79,833.79,"15,192,200"
"Feb 21, 2020",906.98,913.06,880.45,901.00,901.00,"14,314,800"
"Feb 20, 2020",911.95,912.00,859.94,899.41,899.41,"17,634,900"
"Feb 19, 2020",923.50,944.78,901.02,917.42,917.42,"25,423,000"
"Feb 18, 2020",841.60,860.00,832.36,858.40,858.40,"16,381,700"
"Feb 14, 2020",787.22,812.97,785.50,800.03,800.03,"15,693,700"
"Feb 13, 2020",741.84,818.00,735.00,804.00,804.00,"26,289,300"
"Feb 12, 2020",777.87,789.75,763.37,767.29,767.29,"12,022,500"
"Feb 11, 2020",768.79,783.51,758.00,774.38,774.38,"11,697,500"
"Feb 10, 2020",800.00,819.99,752.40,771.28,771.28,"24,689,200"
"Feb 07, 2020",730.55,769.75,730.00,748.07,748.07,"17,063,500"
"Feb 06, 2020",699.92,795.83,687.00,748.96,748.96,"39,880,800"
"Feb 05, 2020",823.26,845.98,704.11,734.70,734.70,"48,423,800"
"Feb 04, 2020",882.96,968.99,833.88,887.06,887.06,"60,938,800"
"Feb 03, 2020",673.69,786.14,673.52,780.00,780.00,"47,233,500"
"Jan 31, 2020",640.00,653.00,632.52,650.57,650.57,"15,719,300"
"Jan 30, 2020",632.42,650.88,618.00,640.81,640.81,"29,005,700"
"Jan 29, 2020",575.69,589.80,567.43,580.99,580.99,"17,801,500"
"Jan 28, 2020",568.49,576.81,558.08,566.90,566.90,"11,788,500"
"Jan 27, 2020",541.99,564.44,539.28,558.02,558.02,"13,608,100"
"Jan 24, 2020",570.63,573.86,554.26,564.82,564.82,"14,353,600"
"Jan 23, 2020",564.25,582.00,555.60,572.20,572.20,"19,651,000"
"Jan 22, 2020",571.89,594.50,559.10,569.56,569.56,"31,369,000"
"Jan 21, 2020",530.25,548.58,528.41,547.20,547.20,"17,803,500"
"Jan 17, 2020",507.61,515.67,503.16,510.50,510.50,"13,629,100"
"Jan 16, 2020",493.75,514.46,492.17,513.49,513.49,"21,736,700"
"Jan 15, 2020",529.76,537.84,516.79,518.50,518.50,"17,368,800"
"Jan 14, 2020",544.26,547.41,524.90,537.92,537.92,"28,996,200"
"Jan 13, 2020",493.50,525.63,492.00,524.86,524.86,"26,517,600"
"Jan 10, 2020",481.79,484.94,473.70,478.15,478.15,"12,959,500"
"Jan 09, 2020",497.10,498.80,472.87,481.34,481.34,"28,440,400"
"Jan 08, 2020",473.70,498.49,468.23,492.14,492.14,"31,144,300"
"Jan 07, 2020",461.40,471.63,453.36,469.06,469.06,"17,882,100"
"Jan 06, 2020",440.47,451.56,440.00,451.54,451.54,"10,133,000"
"Jan 03, 2020",440.50,454.00,436.92,443.01,443.01,"17,778,500"
"Jan 02, 2020",424.50,430.70,421.71,430.26,430.26,"9,532,100"
"Dec 31, 2019",405.00,421.29,402.08,418.33,418.33,"10,285,700"
"Dec 30, 2019",428.79,429.00,409.26,414.70,414.70,"12,586,400"
"Dec 27, 2019",435.00,435.31,426.11,430.38,430.38,"9,945,700"
"Dec 26, 2019",427.91,433.48,426.35,430.94,430.94,"10,633,900"
"Dec 24, 2019",418.36,425.47,412.69,425.25,425.25,"8,054,700"
"Dec 23, 2019",411.78,422.01,410.00,419.22,419.22,"13,319,600"
"Dec 20, 2019",410.29,413.00,400.19,405.59,405.59,"14,752,700"
"Dec 19, 2019",397.32,406.85,396.50,404.04,404.04,"18,107,100"
"Dec 18, 2019",380.63,395.22,380.58,393.15,393.15,"14,121,000"
"Dec 17, 2019",378.99,385.50,375.90,378.99,378.99,"8,496,800"
"Dec 16, 2019",362.55,383.61,362.50,381.50,381.50,"18,174,200"
"Dec 13, 2019",361.05,365.21,354.64,358.39,358.39,"6,570,900"
"Dec 12, 2019",354.92,362.74,353.23,359.68,359.68,"7,763,900"
"Dec 11, 2019",351.88,357.19,351.09,352.70,352.70,"6,897,800"
"Dec 10, 2019",339.96,350.73,339.31,348.84,348.84,"8,828,300"
"Dec 09, 2019",336.59,344.45,335.08,339.53,339.53,"9,023,100"
"Dec 06, 2019",335.00,338.86,334.77,335.89,335.89,"7,612,400"
"Dec 05, 2019",332.83,334.42,327.25,330.37,330.37,"3,724,600"
"Dec 04, 2019",337.75,337.86,332.85,333.03,333.03,"5,533,000"
"Dec 03, 2019",332.62,337.91,332.19,336.20,336.20,"6,573,700"
"Dec 02, 2019",329.40,336.38,328.69,334.87,334.87,"6,074,500"
"Nov 29, 2019",331.11,331.26,327.50,329.94,329.94,"2,465,600"
"Nov 27, 2019",331.12,333.93,328.57,331.29,331.29,"5,555,600"
"Nov 26, 2019",335.27,335.50,327.10,328.92,328.92,"7,947,400"
"Nov 25, 2019",344.32,344.57,334.46,336.34,336.34,"12,339,500"
"Nov 22, 2019",340.16,341.00,330.00,333.04,333.04,"16,870,600"
"Nov 21, 2019",354.51,360.84,354.00,354.83,354.83,"6,110,000"
"Nov 20, 2019",360.00,361.20,349.57,352.22,352.22,"6,725,100"
"Nov 19, 2019",351.75,359.99,347.80,359.52,359.52,"7,724,800"
"Nov 18, 2019",352.92,353.15,346.10,349.99,349.99,"4,400,400"
"Nov 15, 2019",350.64,352.80,348.36,352.17,352.17,"4,809,000"
"Nov 14, 2019",346.11,353.84,342.91,349.35,349.35,"6,464,900"
"Nov 13, 2019",355.00,356.33,345.18,346.11,346.11,"8,420,100"
"Nov 12, 2019",346.90,350.37,344.04,349.93,349.93,"7,359,400"
"Nov 11, 2019",343.95,349.19,342.00,345.09,345.09,"9,986,700"
"Nov 08, 2019",334.50,337.46,332.50,337.14,337.14,"6,069,200"
"Nov 07, 2019",329.14,341.50,328.02,335.54,335.54,"14,467,300"
"Nov 06, 2019",318.00,326.72,314.50,326.58,326.58,"7,940,900"
"Nov 05, 2019",319.62,323.51,316.12,317.22,317.22,"6,943,400"
"Nov 04, 2019",314.80,321.94,309.26,317.47,317.47,"8,787,000"
"Nov 01, 2019",316.32,316.48,309.80,313.31,313.31,"6,383,900"
"Oct 31, 2019",313.10,319.00,313.00,314.92,314.92,"5,067,000"
"Oct 30, 2019",313.00,318.79,309.97,315.01,315.01,"9,641,800"
"Oct 29, 2019",319.99,324.30,314.75,316.22,316.22,"12,684,300"
"Oct 28, 2019",327.54,340.84,322.60,327.71,327.71,"18,870,300"
"Oct 25, 2019",297.72,330.00,296.11,328.13,328.13,"30,006,100"
"Oct 24, 2019",298.37,304.93,289.20,299.68,299.68,"29,720,900"
"Oct 23, 2019",254.50,256.14,251.35,254.68,254.68,"5,261,100"
"Oct 22, 2019",254.32,258.33,250.85,255.58,255.58,"4,600,800"
"Oct 21, 2019",258.33,259.50,250.18,253.50,253.50,"5,020,300"
"Oct 18, 2019",260.70,262.80,255.10,256.95,256.95,"5,749,800"
"Oct 17, 2019",262.50,264.78,260.17,261.97,261.97,"4,769,300"
"Oct 16, 2019",257.39,262.10,256.92,259.75,259.75,"6,684,100"
"Oct 15, 2019",257.70,260.00,254.12,257.89,257.89,"6,432,800"
"Oct 14, 2019",247.90,258.55,247.13,256.96,256.96,"10,205,000"
"Oct 11, 2019",247.15,251.08,246.81,247.89,247.89,"8,475,400"
"Oct 10, 2019",245.28,249.28,241.58,244.74,244.74,"6,283,300"
"Oct 09, 2019",241.32,247.30,240.65,244.53,244.53,"6,894,400"
"Oct 08, 2019",235.87,243.94,234.50,240.05,240.05,"8,678,200"
"Oct 07, 2019",229.80,238.56,228.55,237.72,237.72,"8,064,200"
"Oct 04, 2019",231.61,234.78,228.07,231.43,231.43,"7,995,000"
"Oct 03, 2019",231.86,234.48,224.28,233.03,233.03,"15,084,500"
"Oct 02, 2019",243.29,244.65,239.43,243.13,243.13,"5,631,400"
"Oct 01, 2019",241.50,245.95,239.13,244.69,244.69,"6,162,600"
"Sep 30, 2019",243.00,243.98,236.11,240.87,240.87,"5,879,800"
"Sep 27, 2019",242.20,248.71,238.73,242.13,242.13,"11,116,400"
"Sep 26, 2019",230.66,243.31,227.40,242.56,242.56,"11,884,500"
"Sep 25, 2019",224.56,228.98,218.36,228.70,228.70,"9,427,100"
"Sep 24, 2019",241.52,241.99,222.61,223.21,223.21,"12,891,500"
"Sep 23, 2019",240.00,245.18,239.22,241.23,241.23,"4,340,200"
"Sep 20, 2019",246.49,246.95,238.16,240.62,240.62,"6,353,000"
"Sep 19, 2019",246.00,247.94,244.84,246.60,246.60,"4,795,800"
"Sep 18, 2019",245.00,248.17,242.37,243.49,243.49,"4,170,200"
"Sep 17, 2019",242.47,245.60,240.37,244.79,244.79,"3,865,400"
"Sep 16, 2019",246.00,247.43,241.17,242.81,242.81,"4,728,100"
"Sep 13, 2019",246.96,248.45,244.87,245.20,245.20,"5,313,100"
"Sep 12, 2019",247.70,253.50,244.40,245.87,245.87,"8,581,200"
"Sep 11, 2019",237.38,248.17,236.00,247.10,247.10,"10,042,800"
"Sep 10, 2019",230.80,235.54,228.94,235.54,235.54,"4,883,700"
"Sep 09, 2019",230.00,233.76,229.23,231.79,231.79,"4,802,700"
"Sep 06, 2019",227.20,229.64,225.17,227.45,227.45,"4,189,400"
"Sep 05, 2019",222.50,229.80,220.85,229.58,229.58,"7,395,300"
"Sep 04, 2019",226.89,228.46,219.21,220.68,220.68,"5,761,000"
"Sep 03, 2019",224.08,228.95,223.16,225.01,225.01,"5,354,100"
"Aug 30, 2019",229.15,232.44,224.21,225.61,225.61,"9,320,600"
"Aug 29, 2019",219.00,223.40,218.00,221.71,221.71,"5,179,500"
"Aug 28, 2019",213.69,217.25,212.31,215.59,215.59,"3,225,500"
"Aug 27, 2019",215.74,218.80,212.03,214.08,214.08,"5,416,200"
"Aug 26, 2019",213.60,215.02,211.54,215.00,215.00,"5,051,900"
"Aug 23, 2019",219.97,221.17,211.00,211.40,211.40,"8,538,600"
"Aug 22, 2019",222.80,225.40,218.22,222.15,222.15,"6,559,000"
"Aug 21, 2019",222.01,223.22,217.60,220.83,220.83,"7,794,300"
"Aug 20, 2019",227.62,229.09,224.54,225.86,225.86,"4,125,200"
"Aug 19, 2019",224.21,227.83,221.70,226.83,226.83,"5,309,600"
"Aug 16, 2019",216.66,222.24,216.02,219.94,219.94,"5,098,500"
"Aug 15, 2019",220.86,221.56,211.55,215.64,215.64,"8,159,600"
"Aug 14, 2019",231.21,231.50,216.69,219.62,219.62,"9,562,600"
"Aug 13, 2019",228.81,236.00,227.55,235.00,235.00,"4,848,100"
"Aug 12, 2019",232.99,235.77,228.75,229.01,229.01,"4,663,900"
"Aug 09, 2019",236.05,238.96,233.81,235.01,235.01,"3,898,200"
"Aug 08, 2019",234.45,239.80,232.65,238.30,238.30,"5,274,300"
"Aug 07, 2019",226.50,233.57,225.80,233.42,233.42,"4,776,500"
"Aug 06, 2019",231.88,232.50,225.75,230.75,230.75,"5,564,200"
"Aug 05, 2019",229.60,231.37,225.78,228.32,228.32,"7,028,300"
"Aug 02, 2019",231.35,236.27,229.23,234.34,234.34,"6,136,500"
"Aug 01, 2019",242.65,244.51,231.77,233.85,233.85,"8,259,500"
"Jul 31, 2019",243.00,246.68,236.65,241.61,241.61,"9,178,200"
"Jul 30, 2019",232.90,243.36,232.18,242.26,242.26,"8,109,000"
"Jul 29, 2019",227.09,235.94,226.03,235.77,235.77,"9,273,300"
"Jul 26, 2019",226.92,230.26,222.25,228.04,228.04,"10,027,700"
"Jul 25, 2019",233.50,234.50,225.55,228.82,228.82,"22,418,300"
"Jul 24, 2019",259.17,266.07,258.16,264.88,264.88,"11,072,800"
"Jul 23, 2019",256.71,260.48,254.50,260.17,260.17,"5,023,100"
"Jul 22, 2019",258.75,262.15,254.19,255.68,255.68,"6,842,400"
"Jul 19, 2019",255.69,259.96,254.62,258.18,258.18,"7,048,400"
"Jul 18, 2019",255.05,255.75,251.89,253.54,253.54,"4,764,500"
"Jul 17, 2019",255.67,258.31,253.35,254.86,254.86,"9,764,700"
"Jul 16, 2019",249.30,253.53,247.93,252.38,252.38,"8,149,000"
"Jul 15, 2019",248.00,254.42,244.86,253.50,253.50,"11,000,100"
"Jul 12, 2019",239.75,245.38,239.71,245.08,245.08,"9,200,500"
"Jul 11, 2019",238.14,241.50,235.80,238.60,238.60,"7,514,400"
"Jul 10, 2019",234.15,238.94,233.14,238.92,238.92,"9,145,700"
"Jul 09, 2019",228.97,231.00,227.28,230.06,230.06,"6,190,800"
"Jul 08, 2019",231.24,232.25,228.66,230.34,230.34,"5,880,500"
"Jul 05, 2019",234.57,235.45,230.80,233.10,233.10,"7,065,700"
"Jul 03, 2019",239.39,241.57,234.51,234.90,234.90,"14,201,100"
"Jul 02, 2019",228.89,229.15,222.22,224.55,224.55,"9,259,000"
"Jul 01, 2019",230.21,233.10,226.28,227.17,227.17,"8,238,000"
"Jun 28, 2019",220.99,225.17,220.80,223.46,223.46,"6,851,400"
"Jun 27, 2019",219.45,222.90,217.35,222.84,222.84,"6,339,700"
"Jun 26, 2019",220.31,227.23,218.10,219.27,219.27,"8,507,200"
"Jun 25, 2019",224.39,225.34,219.49,219.76,219.76,"6,182,100"
"Jun 24, 2019",223.24,225.86,221.02,223.64,223.64,"5,750,800"
"Jun 21, 2019",216.22,222.18,215.50,221.86,221.86,"8,202,100"
"Jun 20, 2019",223.00,226.90,216.35,219.62,219.62,"11,863,500"
"Jun 19, 2019",225.11,227.77,221.06,226.43,226.43,"6,575,100"
"Jun 18, 2019",228.72,234.74,222.56,224.74,224.74,"12,715,800"
"Jun 17, 2019",215.48,227.00,214.27,225.03,225.03,"12,316,800"
"Jun 14, 2019",211.25,216.65,210.40,214.92,214.92,"7,433,400"
"Jun 13, 2019",210.38,214.90,207.51,213.91,213.91,"8,168,300"
"Jun 12, 2019",222.95,223.38,209.00,209.26,209.26,"15,186,200"
"Jun 11, 2019",219.14,220.90,213.50,217.10,217.10,"11,653,500"
"Jun 10, 2019",210.25,216.94,209.01,212.88,212.88,"10,585,000"
"Jun 07, 2019",205.00,210.84,203.50,204.50,204.50,"16,003,500"
"Jun 06, 2019",204.44,211.00,201.80,205.95,205.95,"20,242,200"
"Jun 05, 2019",198.68,201.28,191.85,196.59,196.59,"13,510,800"
"Jun 04, 2019",181.10,193.98,179.61,193.60,193.60,"13,807,500"
"Jun 03, 2019",185.51,186.68,176.99,178.97,178.97,"13,064,400"
"May 31, 2019",185.10,189.92,184.10,185.16,185.16,"10,406,700"
"May 30, 2019",188.75,192.26,187.02,188.22,188.22,"7,926,500"
"May 29, 2019",187.10,192.39,185.04,189.86,189.86,"11,968,600"
"May 28, 2019",191.20,195.00,187.85,188.70,188.70,"10,312,900"
"May 24, 2019",199.83,199.98,188.75,190.63,190.63,"14,136,600"
"May 23, 2019",194.34,199.47,186.22,195.49,195.49,"26,547,100"
"May 22, 2019",199.10,203.94,191.78,192.73,192.73,"18,685,200"
"May 21, 2019",197.76,207.40,196.04,205.08,205.08,"18,003,900"
"May 20, 2019",202.80,206.00,195.25,205.36,205.36,"20,526,200"
"May 17, 2019",221.96,222.24,208.92,211.03,211.03,"17,786,700"
"May 16, 2019",229.49,231.00,226.50,228.33,228.33,"7,483,300"
"May 15, 2019",229.32,232.44,225.25,231.95,231.95,"7,296,000"
"May 14, 2019",229.30,234.50,228.00,232.31,232.31,"7,252,400"
"May 13, 2019",232.01,232.47,224.50,227.01,227.01,"10,834,800"
"May 10, 2019",239.75,241.99,236.02,239.52,239.52,"7,008,300"
"May 09, 2019",242.00,243.68,236.94,241.98,241.98,"6,711,400"
"May 08, 2019",246.94,250.60,244.20,244.84,244.84,"6,176,400"
"May 07, 2019",256.80,257.21,245.10,247.06,247.06,"10,131,400"
"May 06, 2019",250.02,258.35,248.50,255.34,255.34,"10,833,900"
"May 03, 2019",243.86,256.61,243.49,255.03,255.03,"23,706,800"
"May 02, 2019",245.52,247.13,237.72,244.10,244.10,"18,159,300"
"May 01, 2019",238.85,240.00,231.50,234.01,234.01,"10,704,400"
"Apr 30, 2019",242.06,244.21,237.00,238.69,238.69,"9,464,600"
"Apr 29, 2019",235.86,243.98,232.17,241.47,241.47,"16,714,500"
"Apr 26, 2019",246.50,246.68,231.13,235.14,235.14,"22,360,700"
"Apr 25, 2019",255.00,259.00,246.07,247.63,247.63,"21,849,400"
"Apr 24, 2019",263.85,265.32,258.00,258.66,258.66,"10,727,500"
"Apr 23, 2019",260.15,265.60,255.75,263.90,263.90,"10,943,900"
"Apr 22, 2019",269.00,269.68,262.48,262.75,262.75,"12,147,100"
"Apr 18, 2019",271.23,274.84,269.75,273.26,273.26,"5,876,300"
"Apr 17, 2019",274.75,274.79,268.54,271.23,271.23,"5,126,500"
"Apr 16, 2019",265.75,275.00,264.72,273.36,273.36,"7,272,900"
"Apr 15, 2019",268.63,268.88,258.63,266.38,266.38,"10,038,600"
"Apr 12, 2019",270.22,271.95,266.83,267.70,267.70,"6,746,000"
"Apr 11, 2019",268.30,270.50,265.60,268.42,268.42,"9,835,900"
"Apr 10, 2019",276.74,278.38,272.89,276.06,276.06,"7,061,300"
"Apr 09, 2019",271.65,275.00,269.61,272.31,272.31,"5,904,000"
"Apr 08, 2019",277.69,281.16,270.44,273.20,273.20,"10,410,400"
"Apr 05, 2019",269.86,276.10,266.11,274.96,274.96,"13,038,300"
"Apr 04, 2019",261.89,271.20,260.59,267.78,267.78,"23,720,700"
"Apr 03, 2019",287.32,296.17,287.17,291.81,291.81,"7,929,900"
"Apr 02, 2019",288.30,289.44,283.88,285.88,285.88,"5,478,900"
"Apr 01, 2019",282.62,289.20,281.28,289.18,289.18,"8,110,400"
"Mar 29, 2019",278.70,280.16,274.50,279.86,279.86,"5,991,300"
"Mar 28, 2019",277.16,280.33,275.10,278.62,278.62,"6,774,100"
"Mar 27, 2019",268.75,275.37,268.18,274.83,274.83,"8,779,200"
"Mar 26, 2019",264.44,270.26,264.43,267.77,267.77,"7,350,900"
"Mar 25, 2019",259.71,263.18,254.46,260.42,260.42,"10,215,000"
"Mar 22, 2019",272.58,272.80,264.00,264.53,264.53,"8,745,600"
"Mar 21, 2019",272.60,276.45,268.45,274.02,274.02,"5,947,100"
"Mar 20, 2019",269.69,274.97,266.30,273.60,273.60,"6,908,200"
"Mar 19, 2019",267.50,273.30,263.46,267.47,267.47,"11,800,600"
"Mar 18, 2019",276.00,278.05,267.30,269.49,269.49,"10,281,000"
"Mar 15, 2019",283.51,283.72,274.40,275.43,275.43,"14,785,500"
"Mar 14, 2019",292.45,295.39,288.29,289.96,289.96,"7,103,400"
"Mar 13, 2019",283.90,291.99,282.70,288.96,288.96,"6,844,700"
"Mar 12, 2019",286.49,288.07,281.06,283.36,283.36,"7,504,100"
"Mar 11, 2019",283.52,291.28,280.50,290.92,290.92,"7,392,300"
"Mar 08, 2019",276.91,285.59,275.89,284.14,284.14,"8,819,600"
"Mar 07, 2019",278.84,284.70,274.25,276.59,276.59,"9,442,500"
"Mar 06, 2019",276.48,281.51,274.39,276.24,276.24,"10,335,500"
"Mar 05, 2019",282.00,284.00,270.10,276.54,276.54,"18,764,700"
"Mar 04, 2019",298.12,299.00,282.78,285.36,285.36,"17,096,800"
"Mar 01, 2019",306.94,307.13,291.90,294.79,294.79,"22,911,400"
"Feb 28, 2019",318.92,320.00,310.81,319.88,319.88,"10,520,700"
"Feb 27, 2019",301.78,316.30,300.55,314.74,314.74,"11,183,900"
"Feb 26, 2019",292.22,302.01,288.77,297.86,297.86,"8,582,500"
"Feb 25, 2019",297.91,302.90,297.00,298.77,298.77,"6,626,500"
"Feb 22, 2019",294.49,296.50,292.10,294.71,294.71,"5,740,600"
"Feb 21, 2019",301.81,303.24,290.50,291.23,291.23,"8,909,200"
"Feb 20, 2019",304.41,306.30,299.00,302.56,302.56,"7,142,100"
"Feb 19, 2019",306.56,311.54,305.47,305.64,305.64,"4,168,400"
"Feb 15, 2019",304.50,308.00,303.90,307.88,307.88,"3,904,900"
"Feb 14, 2019",303.38,306.77,301.00,303.77,303.77,"5,200,800"
"Feb 13, 2019",312.35,312.75,305.57,308.17,308.17,"5,141,600"
"Feb 12, 2019",316.20,318.19,309.62,311.81,311.81,"5,517,600"
"Feb 11, 2019",311.60,318.60,310.50,312.84,312.84,"7,129,700"
"Feb 08, 2019",306.83,307.45,298.50,305.80,305.80,"5,844,200"
"Feb 07, 2019",313.30,314.70,303.00,307.51,307.51,"6,520,600"
"Feb 06, 2019",319.59,324.24,315.62,317.22,317.22,"5,038,500"
"Feb 05, 2019",312.49,322.44,312.25,321.35,321.35,"6,742,800"
"Feb 04, 2019",312.98,315.30,301.88,312.89,312.89,"7,352,100"
"Feb 01, 2019",305.42,316.10,303.50,312.21,312.21,"7,283,400"
"Jan 31, 2019",301.00,311.56,294.00,307.02,307.02,"12,569,200"
"Jan 30, 2019",300.45,309.00,298.49,308.77,308.77,"11,250,300"
"Jan 29, 2019",295.27,298.56,291.80,297.46,297.46,"4,621,700"
"Jan 28, 2019",292.91,297.46,287.75,296.38,296.38,"6,423,300"
"Jan 25, 2019",294.39,298.52,289.55,297.04,297.04,"7,249,600"
"Jan 24, 2019",283.03,293.68,279.28,291.51,291.51,"8,012,200"
"Jan 23, 2019",292.50,294.50,281.69,287.59,287.59,"12,530,000"
"Jan 22, 2019",304.82,308.00,295.50,298.92,298.92,"12,066,700"
"Jan 18, 2019",323.00,327.13,299.73,302.26,302.26,"24,150,800"
"Jan 17, 2019",346.21,351.50,344.15,347.31,347.31,"3,676,700"
"Jan 16, 2019",344.78,352.00,343.50,346.05,346.05,"4,691,700"
"Jan 15, 2019",335.00,348.80,334.50,344.43,344.43,"6,056,600"
"Jan 14, 2019",342.38,342.50,334.00,334.40,334.40,"5,247,300"
"Jan 11, 2019",342.09,348.41,338.77,347.26,347.26,"5,039,100"
"Jan 10, 2019",334.40,345.39,331.79,344.97,344.97,"6,056,400"
"Jan 09, 2019",335.50,343.50,331.47,338.53,338.53,"5,432,900"
"Jan 08, 2019",341.96,344.01,327.02,335.35,335.35,"7,008,500"
"Jan 07, 2019",321.72,336.74,317.75,334.96,334.96,"7,551,200"
"Jan 04, 2019",306.00,318.00,302.73,317.69,317.69,"7,394,100"
"Jan 03, 2019",307.00,309.40,297.38,300.36,300.36,"6,965,200"
"Jan 02, 2019",306.10,315.13,298.80,310.12,310.12,"11,658,600"
"Dec 31, 2018",337.79,339.21,325.26,332.80,332.80,"6,302,300"
"Dec 28, 2018",323.10,336.24,318.41,333.87,333.87,"9,939,000"
"Dec 27, 2018",319.84,322.17,301.50,316.13,316.13,"8,575,100"
"Dec 26, 2018",300.00,326.97,294.09,326.09,326.09,"8,163,100"
"Dec 24, 2018",313.50,314.50,295.20,295.39,295.39,"5,559,900"
"Dec 21, 2018",317.40,323.47,312.44,319.77,319.77,"8,016,800"
"Dec 20, 2018",327.05,330.29,311.87,315.38,315.38,"9,071,900"
"Dec 19, 2018",337.60,347.01,329.74,332.97,332.97,"8,274,200"
"Dec 18, 2018",350.54,351.55,333.69,337.03,337.03,"7,100,000"
"Dec 17, 2018",362.00,365.70,343.88,348.42,348.42,"7,674,000"
"Dec 14, 2018",375.00,377.87,364.33,365.71,365.71,"6,337,600"
"Dec 13, 2018",370.15,377.44,366.75,376.79,376.79,"7,365,900"
"Dec 12, 2018",369.42,371.91,365.16,366.60,366.60,"5,027,000"
"Dec 11, 2018",369.91,372.17,360.23,366.76,366.76,"6,308,800"
"Dec 10, 2018",360.00,365.98,353.12,365.15,365.15,"6,613,500"
"Dec 07, 2018",369.00,379.49,357.65,357.97,357.97,"11,511,200"
"Dec 06, 2018",356.01,367.38,350.76,363.06,363.06,"7,842,500"
"Dec 04, 2018",356.05,368.68,352.00,359.70,359.70,"8,461,900"
"Dec 03, 2018",360.00,366.00,352.00,358.49,358.49,"8,306,500"
"Nov 30, 2018",341.83,351.60,338.26,350.48,350.48,"5,629,100"
"Nov 29, 2018",347.00,347.50,339.55,341.17,341.17,"3,080,700"
"Nov 28, 2018",345.99,348.28,342.21,347.87,347.87,"4,127,600"
"Nov 27, 2018",340.05,346.96,335.50,343.92,343.92,"6,358,300"
"Nov 26, 2018",325.00,346.22,325.00,346.00,346.00,"7,992,100"
"Nov 23, 2018",334.35,337.50,325.55,325.83,325.83,"4,202,600"
"Nov 21, 2018",352.00,353.10,337.40,338.19,338.19,"4,686,800"
"Nov 20, 2018",341.75,349.80,333.55,347.49,347.49,"8,004,700"
"Nov 19, 2018",356.34,366.75,352.88,353.47,353.47,"9,708,900"
"Nov 16, 2018",345.19,355.70,345.12,354.31,354.31,"7,206,200"
"Nov 15, 2018",342.33,348.58,339.04,348.44,348.44,"4,625,700"
"Nov 14, 2018",342.70,347.11,337.15,344.00,344.00,"5,040,300"
"Nov 13, 2018",333.16,344.70,332.20,338.73,338.73,"5,448,600"
"Nov 12, 2018",348.37,349.78,330.34,331.28,331.28,"6,941,500"
"Nov 09, 2018",349.00,354.00,345.23,350.51,350.51,"5,098,800"
"Nov 08, 2018",348.50,357.58,348.44,351.40,351.40,"7,090,700"
"Nov 07, 2018",343.34,351.18,340.80,348.16,348.16,"7,374,500"
"Nov 06, 2018",339.07,348.80,336.09,341.06,341.06,"6,762,900"
"Nov 05, 2018",340.50,343.96,330.14,341.40,341.40,"7,831,000"
"Nov 02, 2018",343.74,349.20,340.91,346.41,346.41,"7,808,000"
"Nov 01, 2018",338.26,347.84,334.73,344.28,344.28,"8,000,100"
"Oct 31, 2018",332.54,342.00,329.10,337.32,337.32,"7,624,300"
"Oct 30, 2018",328.39,337.90,322.26,329.90,329.90,"9,126,700"
"Oct 29, 2018",337.47,347.16,326.50,334.85,334.85,"14,486,000"
"Oct 26, 2018",308.25,339.90,306.65,330.90,330.90,"27,425,500"
"Oct 25, 2018",317.22,321.00,301.01,314.86,314.86,"20,840,700"
"Oct 24, 2018",301.05,304.44,285.73,288.50,288.50,"20,058,300"
"Oct 23, 2018",263.87,297.93,262.10,294.14,294.14,"19,027,800"
"Oct 22, 2018",260.68,261.86,252.59,260.95,260.95,"5,600,300"
"Oct 19, 2018",267.39,269.66,253.50,260.00,260.00,"9,375,500"
"Oct 18, 2018",269.29,271.00,263.00,263.91,263.91,"5,421,200"
"Oct 17, 2018",282.40,282.70,265.80,271.78,271.78,"8,655,500"
"Oct 16, 2018",265.70,277.38,262.24,276.59,276.59,"9,526,400"
"Oct 15, 2018",259.06,263.28,254.54,259.59,259.59,"6,200,000"
"Oct 12, 2018",261.00,261.99,252.01,258.78,258.78,"7,201,400"
"Oct 11, 2018",257.53,262.25,249.03,252.23,252.23,"8,167,700"
"Oct 10, 2018",264.61,265.51,247.77,256.88,256.88,"12,815,300"
"Oct 09, 2018",255.25,266.77,253.30,262.80,262.80,"12,060,600"
"Oct 08, 2018",264.52,267.76,249.00,250.56,250.56,"13,472,700"
"Oct 05, 2018",274.65,274.88,260.00,261.95,261.95,"17,944,500"
"Oct 04, 2018",293.95,294.00,277.67,281.83,281.83,"9,814,200"
"Oct 03, 2018",303.33,304.60,291.57,294.80,294.80,"7,995,000"
"Oct 02, 2018",313.95,316.84,299.15,301.02,301.02,"11,743,500"
"Oct 01, 2018",305.77,311.44,301.05,310.70,310.70,"21,777,600"
"Sep 28, 2018",270.26,278.00,260.56,264.77,264.77,"33,649,700"
"Sep 27, 2018",312.90,314.96,306.91,307.52,307.52,"8,509,100"
"Sep 26, 2018",301.91,313.89,301.11,309.58,309.58,"7,843,200"
"Sep 25, 2018",300.00,304.60,296.50,300.99,300.99,"4,481,700"
"Sep 24, 2018",298.48,303.00,293.58,299.68,299.68,"4,843,000"
"Sep 21, 2018",297.70,300.58,295.37,299.10,299.10,"5,050,500"
"Sep 20, 2018",303.56,305.98,293.33,298.33,298.33,"7,349,400"
"Sep 19, 2018",280.51,300.00,280.50,299.02,299.02,"8,294,900"
"Sep 18, 2018",296.69,302.64,275.50,284.96,284.96,"16,547,500"
"Sep 17, 2018",290.04,300.87,288.13,294.84,294.84,"6,887,600"
"Sep 14, 2018",288.76,297.33,286.52,295.20,295.20,"6,765,600"
"Sep 13, 2018",288.02,295.00,285.18,289.46,289.46,"6,340,300"
"Sep 12, 2018",281.44,292.50,278.65,290.54,290.54,"10,015,400"
"Sep 11, 2018",279.47,282.00,273.55,279.44,279.44,"9,170,000"
"Sep 10, 2018",273.26,286.03,271.00,285.50,285.50,"14,283,500"
"Sep 07, 2018",260.10,268.35,252.25,263.24,263.24,"22,491,900"
"Sep 06, 2018",284.80,291.17,278.88,280.95,280.95,"7,480,800"
"Sep 05, 2018",285.05,286.78,277.18,280.74,280.74,"7,720,800"
"Sep 04, 2018",296.94,298.19,288.00,288.95,288.95,"8,350,500"
"Aug 31, 2018",302.00,305.31,298.60,301.66,301.66,"5,375,100"
"Aug 30, 2018",302.26,304.60,297.72,303.15,303.15,"7,216,700"
"Aug 29, 2018",310.27,311.85,303.69,305.01,305.01,"7,447,400"
"Aug 28, 2018",318.41,318.88,311.19,311.86,311.86,"7,649,100"
"Aug 27, 2018",318.00,322.44,308.81,319.27,319.27,"13,079,300"
"Aug 24, 2018",320.70,323.85,319.40,322.82,322.82,"3,602,600"
"Aug 23, 2018",319.14,327.32,318.10,320.10,320.10,"5,147,300"
"Aug 22, 2018",320.87,323.88,314.67,321.64,321.64,"5,946,000"
"Aug 21, 2018",310.61,324.79,309.00,321.90,321.90,"13,172,200"
"Aug 20, 2018",291.70,308.50,288.20,308.44,308.44,"17,402,300"
"Aug 17, 2018",323.50,326.77,303.53,305.50,305.50,"18,958,600"
"Aug 16, 2018",339.91,342.28,333.82,335.45,335.45,"6,064,000"
"Aug 15, 2018",341.91,344.49,332.14,338.69,338.69,"9,101,300"
"Aug 14, 2018",358.45,359.20,347.10,347.64,347.64,"6,986,400"
"Aug 13, 2018",361.13,363.19,349.02,356.41,356.41,"10,463,900"
"Aug 10, 2018",354.00,360.00,346.00,355.49,355.49,"11,552,000"
"Aug 09, 2018",365.55,367.01,345.73,352.45,352.45,"17,183,800"
"Aug 08, 2018",369.09,382.64,367.12,370.34,370.34,"24,571,200"
"Aug 07, 2018",343.84,387.46,339.15,379.57,379.57,"30,875,800"
"Aug 06, 2018",345.46,354.98,341.82,341.99,341.99,"8,564,300"
"Aug 03, 2018",347.81,355.00,342.53,348.17,348.17,"13,656,500"
"Aug 02, 2018",328.44,349.99,323.16,349.54,349.54,"23,215,000"
"Aug 01, 2018",297.99,303.00,293.00,300.84,300.84,"10,129,400"
"Jul 31, 2018",292.25,298.32,289.07,298.14,298.14,"5,076,900"
"Jul 30, 2018",295.90,296.10,286.13,290.17,290.17,"6,814,100"
"Jul 27, 2018",307.25,307.69,295.34,297.18,297.18,"5,703,300"
"Jul 26, 2018",304.85,310.70,303.64,306.65,306.65,"4,630,500"
"Jul 25, 2018",296.74,309.62,294.50,308.74,308.74,"7,075,400"
"Jul 24, 2018",304.42,307.72,292.55,297.43,297.43,"9,590,800"
"Jul 23, 2018",301.84,305.50,292.86,303.20,303.20,"10,992,900"
"Jul 20, 2018",321.23,323.24,311.71,313.58,313.58,"5,162,200"
"Jul 19, 2018",316.33,323.54,314.01,320.23,320.23,"5,915,300"
"Jul 18, 2018",325.00,325.50,316.25,323.85,323.85,"5,624,200"
"Jul 17, 2018",308.81,324.74,308.50,322.69,322.69,"6,996,200"
"Jul 16, 2018",311.71,315.16,306.25,310.10,310.10,"7,818,700"
"Jul 13, 2018",315.58,319.58,309.25,318.87,318.87,"5,869,800"
"Jul 12, 2018",321.43,323.23,312.77,316.71,316.71,"5,721,200"
"Jul 11, 2018",315.80,321.94,315.07,318.96,318.96,"4,884,100"
"Jul 10, 2018",324.56,327.68,319.20,322.47,322.47,"9,471,500"
"Jul 09, 2018",311.99,318.52,308.00,318.51,318.51,"7,596,800"
"Jul 06, 2018",304.95,312.07,302.00,308.90,308.90,"8,865,500"
"Jul 05, 2018",313.76,314.39,296.22,309.16,309.16,"17,476,400"
"Jul 03, 2018",331.75,332.49,309.69,310.86,310.86,"12,282,600"
"Jul 02, 2018",360.07,364.78,329.85,335.07,335.07,"18,759,800"
"Jun 29, 2018",353.33,353.86,342.41,342.95,342.95,"6,492,400"
"Jun 28, 2018",348.66,357.02,346.11,349.93,349.93,"8,398,000"
"Jun 27, 2018",345.00,350.79,339.50,344.50,344.50,"8,333,700"
"Jun 26, 2018",336.05,343.55,325.80,342.00,342.00,"7,452,500"
"Jun 25, 2018",330.12,338.47,327.50,333.01,333.01,"6,931,300"
"Jun 22, 2018",351.54,352.25,332.00,333.63,333.63,"10,266,100"
"Jun 21, 2018",362.00,366.21,346.27,347.51,347.51,"7,967,100"
"Jun 20, 2018",358.04,364.38,352.00,362.22,362.22,"8,383,700"
"Jun 19, 2018",365.16,370.00,346.25,352.55,352.55,"12,761,900"
"Jun 18, 2018",355.40,373.73,354.50,370.83,370.83,"12,073,200"
"Jun 15, 2018",353.84,364.67,351.25,358.17,358.17,"10,848,300"
"Jun 14, 2018",347.63,358.75,346.60,357.72,357.72,"10,981,000"
"Jun 13, 2018",346.71,347.20,339.80,344.78,344.78,"9,469,800"
"Jun 12, 2018",344.70,354.97,338.00,342.77,342.77,"22,347,400"
"Jun 11, 2018",322.51,334.66,322.50,332.10,332.10,"13,183,500"
"Jun 08, 2018",319.00,324.48,317.15,317.66,317.66,"8,205,200"
"Jun 07, 2018",316.15,330.00,313.58,316.09,316.09,"14,345,300"
"Jun 06, 2018",300.50,322.17,297.48,319.50,319.50,"18,767,300"
"Jun 05, 2018",297.70,297.80,286.74,291.13,291.13,"5,995,200"
"Jun 04, 2018",294.34,299.00,293.55,296.74,296.74,"4,797,800"
"Jun 01, 2018",285.86,291.95,283.84,291.82,291.82,"5,424,400"
"May 31, 2018",287.21,290.37,282.93,284.73,284.73,"5,919,700"
"May 30, 2018",283.29,295.01,281.60,291.72,291.72,"7,489,700"
"May 29, 2018",278.51,286.50,276.15,283.76,283.76,"5,666,600"
"May 25, 2018",277.63,279.64,275.61,278.85,278.85,"3,875,100"
"May 24, 2018",278.40,281.11,274.89,277.85,277.85,"4,176,700"
"May 23, 2018",277.76,279.91,274.00,279.07,279.07,"5,985,100"
"May 22, 2018",287.76,288.00,273.42,275.01,275.01,"8,945,800"
"May 21, 2018",281.33,291.49,281.30,284.49,284.49,"9,182,600"
"May 18, 2018",284.65,284.65,274.00,276.82,276.82,"7,251,900"
"May 17, 2018",285.90,289.19,283.97,284.54,284.54,"4,420,600"
"May 16, 2018",283.83,288.81,281.56,286.48,286.48,"5,674,000"
"May 15, 2018",285.01,286.96,280.50,284.18,284.18,"9,519,200"
"May 14, 2018",303.32,304.94,291.62,291.97,291.97,"7,286,800"
"May 11, 2018",307.70,308.88,299.08,301.06,301.06,"4,679,600"
"May 10, 2018",307.50,312.99,304.11,305.02,305.02,"5,651,600"
"May 09, 2018",300.41,307.01,300.05,306.85,306.85,"5,727,400"
"May 08, 2018",300.80,307.75,299.00,301.97,301.97,"5,930,000"
"May 07, 2018",297.50,305.96,295.17,302.77,302.77,"8,678,200"
"May 04, 2018",283.00,296.86,279.52,294.09,294.09,"8,569,400"
"May 03, 2018",278.79,288.04,275.23,284.45,284.45,"17,352,100"
"May 02, 2018",298.57,306.85,297.78,301.15,301.15,"8,970,400"
"May 01, 2018",293.51,300.82,293.22,299.92,299.92,"4,625,600"
"Apr 30, 2018",293.61,298.73,292.50,293.90,293.90,"4,228,200"
"Apr 27, 2018",285.37,294.47,283.83,294.08,294.08,"4,364,600"
"Apr 26, 2018",278.75,285.79,276.50,285.48,285.48,"4,356,000"
"Apr 25, 2018",283.50,285.16,277.25,280.69,280.69,"4,013,600"
"Apr 24, 2018",285.00,287.09,278.46,283.46,283.46,"5,685,300"
"Apr 23, 2018",291.29,291.62,282.33,283.37,283.37,"4,893,400"
"Apr 20, 2018",295.17,299.98,289.75,290.24,290.24,"5,627,900"
"Apr 19, 2018",291.08,301.01,288.55,300.08,300.08,"6,090,600"
"Apr 18, 2018",291.08,300.24,288.16,293.35,293.35,"6,557,700"
"Apr 17, 2018",288.87,292.17,282.51,287.69,287.69,"7,000,000"
"Apr 16, 2018",299.00,299.66,289.01,291.21,291.21,"6,338,500"
"Apr 13, 2018",303.60,303.95,295.98,300.34,300.34,"7,327,200"
"Apr 12, 2018",302.32,303.95,293.68,294.08,294.08,"7,608,800"
"Apr 11, 2018",300.74,308.98,299.66,300.93,300.93,"7,482,900"
"Apr 10, 2018",298.97,307.10,293.68,304.70,304.70,"10,989,800"
"Apr 09, 2018",300.37,309.50,289.21,289.66,289.66,"10,249,800"
"Apr 06, 2018",301.00,309.28,295.50,299.30,299.30,"13,520,300"
"Apr 05, 2018",289.34,306.26,288.20,305.72,305.72,"19,121,100"
"Apr 04, 2018",252.78,288.37,252.00,286.94,286.94,"19,896,700"
"Apr 03, 2018",269.82,273.35,254.49,267.53,267.53,"18,844,400"
"Apr 02, 2018",256.26,260.33,244.59,252.48,252.48,"16,114,000"
"Mar 29, 2018",256.49,270.96,248.21,266.13,266.13,"15,170,700"
"Mar 28, 2018",264.58,268.68,252.10,257.78,257.78,"21,001,400"
"Mar 27, 2018",304.00,304.27,277.18,279.18,279.18,"13,872,000"
"Mar 26, 2018",307.34,307.59,291.36,304.18,304.18,"8,375,200"
"Mar 23, 2018",311.25,311.25,300.45,301.54,301.54,"6,654,900"
"Mar 22, 2018",313.89,318.82,308.18,309.10,309.10,"4,939,800"
"Mar 21, 2018",310.25,322.44,310.19,316.53,316.53,"5,958,400"
"Mar 20, 2018",314.87,316.25,308.76,310.55,310.55,"4,764,300"
"Mar 19, 2018",316.50,320.75,309.67,313.56,313.56,"7,484,300"
"Mar 16, 2018",322.93,327.40,319.07,321.35,321.35,"6,117,300"
"Mar 15, 2018",329.38,332.85,321.10,325.60,325.60,"6,564,800"
"Mar 14, 2018",336.76,339.81,323.93,326.63,326.63,"7,967,400"
"Mar 13, 2018",328.61,347.21,326.50,341.84,341.84,"5,965,800"
"Mar 12, 2018",328.61,347.21,326.50,345.51,345.51,"8,264,000"
"Mar 09, 2018",324.10,328.49,322.37,327.17,327.17,"5,506,800"
"Mar 08, 2018",332.86,333.30,326.27,329.10,329.10,"3,566,200"
"Mar 07, 2018",325.44,332.50,321.74,332.30,332.30,"5,007,300"
"Mar 06, 2018",333.75,336.37,327.03,328.20,328.20,"4,285,700"
"Mar 05, 2018",332.39,337.75,329.29,333.35,333.35,"3,823,800"
"Mar 02, 2018",326.98,335.22,322.97,335.12,335.12,"5,092,800"
"Mar 01, 2018",345.01,348.67,330.07,330.93,330.93,"6,885,600"
"Feb 28, 2018",352.57,355.24,342.22,343.06,343.06,"6,069,700"
"Feb 27, 2018",356.25,359.99,350.01,350.99,350.99,"4,797,400"
"Feb 26, 2018",353.50,359.00,352.36,357.42,357.42,"4,340,000"
"Feb 23, 2018",347.83,354.99,347.10,352.05,352.05,"5,817,400"
"Feb 22, 2018",335.53,347.44,334.75,346.17,346.17,"6,969,800"
"Feb 21, 2018",336.03,339.69,333.17,333.30,333.30,"3,219,600"
"Feb 20, 2018",334.47,340.84,331.50,334.77,334.77,"4,009,400"
"Feb 16, 2018",332.50,343.12,331.64,335.49,335.49,"5,642,600"
"Feb 15, 2018",324.50,334.12,322.40,334.07,334.07,"5,912,900"
"Feb 14, 2018",320.84,326.17,318.52,322.31,322.31,"3,950,700"
"Feb 13, 2018",315.02,324.19,312.51,323.66,323.66,"4,560,200"
"Feb 12, 2018",316.13,318.08,306.25,315.73,315.73,"6,227,800"
"Feb 09, 2018",319.93,320.98,294.76,310.42,310.42,"12,933,700"
"Feb 08, 2018",343.31,348.62,314.60,315.23,315.23,"10,314,600"
"Feb 07, 2018",338.99,346.00,335.66,345.00,345.00,"6,969,200"
"Feb 06, 2018",325.21,336.22,323.50,333.97,333.97,"5,088,400"
"Feb 05, 2018",337.97,344.47,333.00,333.13,333.13,"4,464,100"
"Feb 02, 2018",348.44,351.95,340.51,343.75,343.75,"3,704,800"
"Feb 01, 2018",351.00,359.66,348.63,349.25,349.25,"4,197,700"
"Jan 31, 2018",347.51,356.19,345.19,354.31,354.31,"6,214,100"
"Jan 30, 2018",345.14,348.27,342.17,345.82,345.82,"4,717,700"
"Jan 29, 2018",339.85,350.85,338.28,349.53,349.53,"4,747,100"
"Jan 26, 2018",341.50,344.00,335.71,342.85,342.85,"4,539,400"
"Jan 25, 2018",348.27,349.20,336.40,337.64,337.64,"6,740,300"
"Jan 24, 2018",354.58,354.75,343.52,345.89,345.89,"5,287,500"
"Jan 23, 2018",360.00,360.50,351.00,352.79,352.79,"5,465,400"
"Jan 22, 2018",349.40,357.83,349.20,351.56,351.56,"6,210,400"
"Jan 19, 2018",345.00,350.59,342.60,350.02,350.02,"4,888,300"
"Jan 18, 2018",345.67,352.30,343.74,344.57,344.57,"5,685,800"
"Jan 17, 2018",340.47,349.00,339.75,347.16,347.16,"7,103,500"
"Jan 16, 2018",337.54,345.00,334.80,340.06,340.06,"6,474,300"
"Jan 12, 2018",338.63,340.41,333.67,336.22,336.22,"4,825,100"
"Jan 11, 2018",335.24,344.81,333.26,337.95,337.95,"6,645,500"
"Jan 10, 2018",332.20,337.00,330.00,334.80,334.80,"4,309,900"
"Jan 09, 2018",335.16,338.80,327.40,333.69,333.69,"7,146,600"
"Jan 08, 2018",316.00,337.02,315.50,336.41,336.41,"9,859,400"
"Jan 05, 2018",316.62,317.24,312.00,316.58,316.58,"4,591,200"
"Jan 04, 2018",312.87,318.55,305.68,314.62,314.62,"9,946,300"
"Jan 03, 2018",321.00,325.25,315.55,317.25,317.25,"4,521,500"
"Jan 02, 2018",312.00,322.11,311.00,320.53,320.53,"4,352,200"
"Dec 29, 2017",316.18,316.41,310.00,311.35,311.35,"3,777,200"
"Dec 28, 2017",311.75,315.82,309.54,315.36,315.36,"4,316,300"
"Dec 27, 2017",316.00,317.68,310.75,311.64,311.64,"4,712,100"
"Dec 26, 2017",323.83,323.94,316.58,317.29,317.29,"4,378,400"
"Dec 22, 2017",329.51,330.92,324.82,325.20,325.20,"4,215,800"
"Dec 21, 2017",329.59,333.74,327.21,331.66,331.66,"4,385,200"
"Dec 20, 2017",332.69,333.10,325.04,328.98,328.98,"5,953,800"
"Dec 19, 2017",340.26,341.49,330.30,331.10,331.10,"6,825,000"
"Dec 18, 2017",344.90,346.73,337.58,338.87,338.87,"5,476,200"
"Dec 15, 2017",342.04,343.90,335.76,343.45,343.45,"6,933,200"
"Dec 14, 2017",341.01,347.44,336.90,337.89,337.89,"5,799,900"
"Dec 13, 2017",340.93,344.22,336.50,339.03,339.03,"6,221,500"
"Dec 12, 2017",330.45,341.44,330.03,341.03,341.03,"8,733,200"
"Dec 11, 2017",314.63,329.01,313.75,328.91,328.91,"7,938,000"
"Dec 08, 2017",314.60,316.98,311.26,315.13,315.13,"3,468,500"
"Dec 07, 2017",312.00,318.63,311.05,311.24,311.24,"4,780,600"
"Dec 06, 2017",300.10,313.39,300.00,313.26,313.26,"7,195,300"
"Dec 05, 2017",302.00,308.00,301.00,303.70,303.70,"4,646,500"
"Dec 04, 2017",306.50,308.27,300.61,305.20,305.20,"5,835,100"
"Dec 01, 2017",305.44,310.32,305.05,306.53,306.53,"4,292,900"
"Nov 30, 2017",308.56,310.70,304.54,308.85,308.85,"4,351,600"
"Nov 29, 2017",317.30,318.00,301.23,307.54,307.54,"8,767,400"
"Nov 28, 2017",316.36,320.00,313.92,317.55,317.55,"4,949,500"
"Nov 27, 2017",313.25,317.34,309.51,316.81,316.81,"4,555,900"
"Nov 24, 2017",313.79,316.41,311.00,315.55,315.55,"3,244,100"
"Nov 22, 2017",316.77,317.42,311.84,312.60,312.60,"4,917,600"
"Nov 21, 2017",310.86,318.23,308.71,317.81,317.81,"7,261,300"
"Nov 20, 2017",313.79,315.50,304.75,308.74,308.74,"8,247,700"
"Nov 17, 2017",325.67,326.67,313.15,315.05,315.05,"13,735,100"
"Nov 16, 2017",313.99,318.14,311.30,312.50,312.50,"5,822,100"
"Nov 15, 2017",306.01,312.49,301.50,311.30,311.30,"5,978,700"
"Nov 14, 2017",315.00,316.35,306.90,308.70,308.70,"5,676,100"
"Nov 13, 2017",300.13,316.80,299.11,315.40,315.40,"7,584,900"
"Nov 10, 2017",302.50,308.36,301.85,302.99,302.99,"4,625,400"
"Nov 09, 2017",302.50,304.46,296.30,302.99,302.99,"5,447,100"
"Nov 08, 2017",305.50,306.89,301.30,304.39,304.39,"4,725,300"
"Nov 07, 2017",301.02,306.50,300.03,306.05,306.05,"5,294,300"
"Nov 06, 2017",307.00,307.50,299.01,302.78,302.78,"6,486,000"
"Nov 03, 2017",299.50,306.25,295.13,306.09,306.09,"8,894,000"
"Nov 02, 2017",300.13,308.69,292.63,299.26,299.26,"19,791,400"
"Nov 01, 2017",332.25,332.61,320.26,321.08,321.08,"8,457,300"
"Oct 31, 2017",320.23,331.95,320.18,331.53,331.53,"5,672,300"
"Oct 30, 2017",319.18,323.78,317.25,320.08,320.08,"4,254,400"
"Oct 27, 2017",319.75,324.59,316.66,320.87,320.87,"6,979,700"
"Oct 26, 2017",327.78,330.23,323.20,326.17,326.17,"5,023,500"
"Oct 25, 2017",336.70,337.50,323.56,325.84,325.84,"8,594,100"
"Oct 24, 2017",338.80,342.80,336.16,337.34,337.34,"4,491,700"
"Oct 23, 2017",349.88,349.95,336.25,337.02,337.02,"5,747,300"
"Oct 20, 2017",352.69,354.55,344.34,345.10,345.10,"4,930,400"
"Oct 19, 2017",355.56,357.15,348.20,351.81,351.81,"5,061,800"
"Oct 18, 2017",355.97,363.00,354.13,359.65,359.65,"4,939,100"
"Oct 17, 2017",350.91,356.22,350.07,355.75,355.75,"3,293,300"
"Oct 16, 2017",353.76,354.48,347.16,350.60,350.60,"5,375,500"
"Oct 13, 2017",356.98,358.49,353.68,355.57,355.57,"3,540,500"
"Oct 12, 2017",352.95,359.78,352.64,355.68,355.68,"4,087,000"
"Oct 11, 2017",353.89,357.60,351.15,354.60,354.60,"4,500,800"
"Oct 10, 2017",346.80,355.63,345.53,355.59,355.59,"6,978,500"
"Oct 09, 2017",349.65,351.75,342.67,342.94,342.94,"7,493,700"
"Oct 06, 2017",353.10,360.10,352.25,356.88,356.88,"4,297,500"
"Oct 05, 2017",356.00,357.44,351.35,355.33,355.33,"4,171,700"
"Oct 04, 2017",351.25,358.62,349.60,355.01,355.01,"8,163,500"
"Oct 03, 2017",335.90,348.55,331.28,348.14,348.14,"10,153,600"
"Oct 02, 2017",342.52,343.70,335.51,341.53,341.53,"5,286,800"
"Sep 29, 2017",341.86,344.68,338.60,341.10,341.10,"5,107,100"
"Sep 28, 2017",339.88,342.75,335.40,339.60,339.60,"5,319,600"
"Sep 27, 2017",349.90,351.49,340.50,340.97,340.97,"6,060,300"
"Sep 26, 2017",350.93,351.24,340.90,345.25,345.25,"7,156,300"
"Sep 25, 2017",353.15,357.47,342.88,344.99,344.99,"7,605,900"
"Sep 22, 2017",366.49,369.90,350.88,351.09,351.09,"8,159,400"
"Sep 21, 2017",374.90,376.83,364.51,366.48,366.48,"4,618,200"
"Sep 20, 2017",373.00,378.25,371.07,373.91,373.91,"4,919,100"
"Sep 19, 2017",380.00,382.39,373.57,375.10,375.10,"6,451,900"
"Sep 18, 2017",380.25,389.61,377.68,385.00,385.00,"7,188,000"
"Sep 15, 2017",374.51,380.00,372.70,379.81,379.81,"5,420,500"
"Sep 14, 2017",364.33,377.96,362.63,377.64,377.64,"7,202,500"
"Sep 13, 2017",363.82,368.07,359.59,366.23,366.23,"4,185,200"
"Sep 12, 2017",364.49,368.76,360.40,362.75,362.75,"5,972,900"
"Sep 11, 2017",351.35,363.71,350.00,363.69,363.69,"7,667,100"
"Sep 08, 2017",348.99,349.78,342.30,343.40,343.40,"3,263,500"
"Sep 07, 2017",345.98,352.48,343.45,350.61,350.61,"4,239,200"
"Sep 06, 2017",349.50,350.98,341.56,344.53,344.53,"4,091,400"
"Sep 05, 2017",353.80,355.49,345.89,349.59,349.59,"3,835,100"
"Sep 01, 2017",356.12,357.59,353.69,355.40,355.40,"3,049,500"
"Aug 31, 2017",353.55,358.44,352.82,355.90,355.90,"4,072,800"
"Aug 30, 2017",349.67,353.47,347.00,353.18,353.18,"3,412,900"
"Aug 29, 2017",339.48,349.05,338.75,347.36,347.36,"4,073,700"
"Aug 28, 2017",347.28,347.35,339.72,345.66,345.66,"3,764,000"
"Aug 25, 2017",354.24,355.69,347.30,348.05,348.05,"3,484,000"
"Aug 24, 2017",352.52,356.66,349.74,352.93,352.93,"4,584,700"
"Aug 23, 2017",338.99,353.49,338.30,352.77,352.77,"4,954,500"
"Aug 22, 2017",341.13,342.24,337.37,341.35,341.35,"4,322,000"
"Aug 21, 2017",345.82,345.82,331.85,337.86,337.86,"6,495,400"
"Aug 18, 2017",352.91,354.00,345.80,347.46,347.46,"5,408,200"
"Aug 17, 2017",361.21,363.30,351.59,351.92,351.92,"5,027,700"
"Aug 16, 2017",363.00,366.50,362.52,362.91,362.91,"3,413,800"
"Aug 15, 2017",365.20,365.49,359.37,362.33,362.33,"3,085,100"
"Aug 14, 2017",364.63,367.66,362.60,363.80,363.80,"4,519,200"
"Aug 11, 2017",356.97,361.26,353.62,357.87,357.87,"4,365,800"
"Aug 10, 2017",361.60,366.65,354.66,355.40,355.40,"7,092,900"
"Aug 09, 2017",361.00,370.00,358.95,363.53,363.53,"6,892,100"
"Aug 08, 2017",357.53,368.58,357.40,365.22,365.22,"7,449,800"
"Aug 07, 2017",357.35,359.48,352.75,355.17,355.17,"6,324,500"
"Aug 04, 2017",347.00,357.27,343.30,356.91,356.91,"9,268,900"
"Aug 03, 2017",345.33,350.00,343.15,347.09,347.09,"13,535,000"
"Aug 02, 2017",318.94,327.12,311.22,325.89,325.89,"13,091,500"
"Aug 01, 2017",323.00,324.45,316.13,319.57,319.57,"8,303,100"
"Jul 31, 2017",335.50,341.49,321.04,323.47,323.47,"8,535,100"
"Jul 28, 2017",336.89,339.60,332.51,335.07,335.07,"4,880,400"
"Jul 27, 2017",346.00,347.50,326.29,334.46,334.46,"8,302,400"
"Jul 26, 2017",340.36,345.50,338.12,343.85,343.85,"4,820,800"
"Jul 25, 2017",345.00,345.60,334.15,339.60,339.60,"6,989,200"
"Jul 24, 2017",330.24,343.40,330.01,342.52,342.52,"8,637,100"
"Jul 21, 2017",329.46,331.26,325.80,328.40,328.40,"4,901,600"
"Jul 20, 2017",326.90,330.22,324.20,329.92,329.92,"5,166,200"
"Jul 19, 2017",328.23,331.65,323.22,325.26,325.26,"6,357,000"
"Jul 18, 2017",317.50,329.13,315.66,328.24,328.24,"6,373,700"
"Jul 17, 2017",325.54,327.10,313.45,319.57,319.57,"9,876,900"
"Jul 14, 2017",323.19,328.42,321.22,327.78,327.78,"5,625,200"
"Jul 13, 2017",330.11,331.60,319.97,323.41,323.41,"8,594,500"
"Jul 12, 2017",330.40,333.10,324.50,329.52,329.52,"10,346,100"
"Jul 11, 2017",316.00,327.28,314.30,327.22,327.22,"11,559,400"
"Jul 10, 2017",312.90,317.94,303.13,316.05,316.05,"13,820,900"
"Jul 07, 2017",313.50,317.00,307.38,313.22,313.22,"14,176,900"
"Jul 06, 2017",317.26,320.79,306.30,308.83,308.83,"19,324,500"
"Jul 05, 2017",347.20,347.24,326.33,327.09,327.09,"17,046,700"
"Jul 03, 2017",370.24,371.35,351.50,352.62,352.62,"6,305,400"
"Jun 30, 2017",363.71,366.77,359.62,361.61,361.61,"5,848,500"
"Jun 29, 2017",370.61,371.00,354.10,360.75,360.75,"8,221,000"
"Jun 28, 2017",366.68,371.74,362.52,371.24,371.24,"6,302,500"
"Jun 27, 2017",376.40,376.40,362.02,362.37,362.37,"6,996,400"
"Jun 26, 2017",386.69,386.95,373.10,377.49,377.49,"6,604,100"
"Jun 23, 2017",382.45,386.99,379.35,383.45,383.45,"6,445,800"
"Jun 22, 2017",377.99,385.00,373.57,382.61,382.61,"7,529,800"
"Jun 21, 2017",374.35,376.99,368.02,376.40,376.40,"4,923,200"
"Jun 20, 2017",376.67,378.88,369.73,372.24,372.24,"7,438,700"
"Jun 19, 2017",375.00,376.70,367.80,369.80,369.80,"6,549,300"
"Jun 16, 2017",377.98,378.01,370.10,371.40,371.40,"6,731,000"
"Jun 15, 2017",372.50,375.46,366.49,375.34,375.34,"10,426,500"
"Jun 14, 2017",381.09,384.25,376.31,380.66,380.66,"12,818,400"
"Jun 13, 2017",367.62,376.00,366.61,375.95,375.95,"11,807,900"
"Jun 12, 2017",357.99,364.50,350.62,359.01,359.01,"10,517,700"
"Jun 09, 2017",374.42,376.87,354.80,357.32,357.32,"17,261,400"
"Jun 08, 2017",363.75,371.90,360.22,370.00,370.00,"9,061,500"
"Jun 07, 2017",356.34,360.50,355.14,359.65,359.65,"9,398,000"
"Jun 06, 2017",344.70,359.49,339.97,352.85,352.85,"11,086,800"
"Jun 05, 2017",338.50,348.44,334.21,347.32,347.32,"6,784,400"
"Jun 02, 2017",339.77,342.88,335.93,339.85,339.85,"5,590,200"
"Jun 01, 2017",344.00,344.88,337.29,340.37,340.37,"7,608,000"
"May 31, 2017",337.69,342.89,335.16,341.01,341.01,"9,963,400"
"May 30, 2017",326.00,336.28,325.76,335.10,335.10,"7,782,900"
"May 26, 2017",317.28,325.49,316.31,325.14,325.14,"7,802,200"
"May 25, 2017",311.02,316.97,307.81,316.83,316.83,"5,014,000"
"May 24, 2017",306.51,311.00,305.40,310.22,310.22,"5,033,300"
"May 23, 2017",310.46,310.73,303.48,303.86,303.86,"4,318,400"
"May 22, 2017",312.80,314.37,306.80,310.35,310.35,"4,329,200"
"May 19, 2017",315.50,316.50,310.20,310.83,310.83,"4,687,600"
"May 18, 2017",307.00,313.94,305.31,313.06,313.06,"5,653,800"
"May 17, 2017",314.39,314.63,305.50,306.11,306.11,"6,711,900"
"May 16, 2017",317.59,320.06,315.14,317.01,317.01,"4,152,500"
"May 15, 2017",318.38,320.20,312.53,315.88,315.88,"7,622,000"
"May 12, 2017",325.48,327.00,321.53,324.81,324.81,"4,121,600"
"May 11, 2017",323.40,326.00,319.60,323.10,323.10,"4,753,800"
"May 10, 2017",321.56,325.50,318.12,325.22,325.22,"5,741,600"
"May 09, 2017",309.38,321.99,309.10,321.26,321.26,"9,676,500"
"May 08, 2017",310.90,313.79,305.82,307.19,307.19,"7,006,500"
"May 05, 2017",298.00,308.55,296.80,308.35,308.35,"8,177,300"
"May 04, 2017",307.44,307.77,290.76,295.46,295.46,"14,152,000"
"May 03, 2017",317.67,321.53,310.45,311.02,311.02,"7,133,400"
"May 02, 2017",324.00,327.66,316.56,318.89,318.89,"5,382,800"
"May 01, 2017",314.88,327.25,314.81,322.83,322.83,"8,829,600"
"Apr 28, 2017",309.83,314.80,308.00,314.07,314.07,"4,505,500"
"Apr 27, 2017",311.69,313.09,307.50,308.63,308.63,"3,468,600"
"Apr 26, 2017",312.37,314.50,309.00,310.17,310.17,"4,695,000"
"Apr 25, 2017",308.00,313.98,305.86,313.79,313.79,"6,737,700"
"Apr 24, 2017",309.22,310.55,306.02,308.03,308.03,"5,083,500"
"Apr 21, 2017",302.00,306.40,300.42,305.60,305.60,"4,509,800"
"Apr 20, 2017",306.51,309.15,300.23,302.51,302.51,"6,149,400"
"Apr 19, 2017",302.46,306.62,302.11,305.52,305.52,"3,898,000"
"Apr 18, 2017",299.70,300.84,297.90,300.25,300.25,"3,035,700"
"Apr 17, 2017",302.70,304.00,298.68,301.44,301.44,"4,138,700"
"Apr 13, 2017",296.70,307.39,295.30,304.00,304.00,"9,284,600"
"Apr 12, 2017",306.34,308.45,296.32,296.84,296.84,"6,050,700"
"Apr 11, 2017",313.38,313.47,305.50,308.71,308.71,"5,724,600"
"Apr 10, 2017",309.15,313.73,308.71,312.39,312.39,"7,664,500"
"Apr 07, 2017",297.50,302.69,297.15,302.54,302.54,"4,579,600"
"Apr 06, 2017",296.88,301.94,294.10,298.70,298.70,"5,520,600"
"Apr 05, 2017",302.04,304.88,294.20,295.00,295.00,"7,880,900"
"Apr 04, 2017",296.89,304.81,294.53,303.70,303.70,"10,134,600"
"Apr 03, 2017",286.90,299.00,284.58,298.52,298.52,"13,888,600"
"Mar 31, 2017",278.73,279.68,276.32,278.30,278.30,"3,294,600"
"Mar 30, 2017",278.04,282.00,277.21,277.92,277.92,"4,148,400"
"Mar 29, 2017",278.34,279.60,275.54,277.38,277.38,"3,676,200"
"Mar 28, 2017",277.02,280.68,275.00,277.45,277.45,"7,987,600"
"Mar 27, 2017",260.60,270.57,259.75,270.22,270.22,"6,230,800"
"Mar 24, 2017",255.70,263.89,255.01,263.16,263.16,"5,647,300"
"Mar 23, 2017",255.39,257.67,253.30,254.78,254.78,"3,320,200"
"Mar 22, 2017",251.56,255.07,250.51,255.01,255.01,"4,059,300"
"Mar 21, 2017",262.83,264.80,250.24,250.68,250.68,"6,908,600"
"Mar 20, 2017",260.60,264.55,258.82,261.92,261.92,"3,614,300"
"Mar 17, 2017",264.00,265.33,261.20,261.50,261.50,"6,497,500"
"Mar 16, 2017",262.40,265.75,259.06,262.05,262.05,"7,132,200"
"Mar 15, 2017",257.00,261.00,254.27,255.73,255.73,"5,330,800"
"Mar 14, 2017",246.11,258.12,246.02,258.00,258.00,"7,598,400"
"Mar 13, 2017",244.82,246.85,242.78,246.17,246.17,"3,022,600"
"Mar 10, 2017",246.21,246.50,243.00,243.69,243.69,"3,066,300"
"Mar 09, 2017",247.63,248.66,243.00,244.90,244.90,"3,879,300"
"Mar 08, 2017",247.00,250.07,245.32,246.87,246.87,"3,725,200"
"Mar 07, 2017",251.92,253.89,248.32,248.59,248.59,"3,459,500"
"Mar 06, 2017",247.91,251.70,247.51,251.21,251.21,"3,355,500"
"Mar 03, 2017",250.74,251.90,249.00,251.57,251.57,"2,919,400"
"Mar 02, 2017",249.71,253.28,248.27,250.48,250.48,"3,351,800"
"Mar 01, 2017",254.18,254.85,249.11,250.02,250.02,"4,809,500"
"Feb 28, 2017",244.19,251.00,243.90,249.99,249.99,"6,078,100"
"Feb 27, 2017",248.17,248.36,242.01,246.23,246.23,"11,460,800"
"Feb 24, 2017",252.66,258.25,250.20,257.00,257.00,"8,171,600"
"Feb 23, 2017",264.00,264.66,255.56,255.99,255.99,"14,915,200"
"Feb 22, 2017",280.31,283.45,272.60,273.51,273.51,"8,755,000"
"Feb 21, 2017",275.45,281.40,274.01,277.39,277.39,"5,676,700"
"Feb 17, 2017",265.80,272.89,264.15,272.23,272.23,"6,257,100"
"Feb 16, 2017",277.60,280.00,268.50,268.95,268.95,"7,077,300"
"Feb 15, 2017",280.00,282.24,276.44,279.76,279.76,"4,947,900"
"Feb 14, 2017",279.03,287.39,278.61,280.98,280.98,"7,345,200"
"Feb 13, 2017",270.74,280.79,270.51,280.60,280.60,"7,029,600"
"Feb 10, 2017",269.79,270.95,266.11,269.23,269.23,"3,619,700"
"Feb 09, 2017",266.25,271.18,266.15,269.20,269.20,"7,820,200"
"Feb 08, 2017",257.35,263.36,256.20,262.08,262.08,"3,933,000"
"Feb 07, 2017",258.19,260.00,256.42,257.48,257.48,"4,244,800"
"Feb 06, 2017",251.00,257.82,250.63,257.77,257.77,"3,562,500"
"Feb 03, 2017",251.91,252.18,249.68,251.33,251.33,"2,186,700"
"Feb 02, 2017",248.34,252.42,247.71,251.55,251.55,"2,499,800"
"Feb 01, 2017",253.05,253.20,249.05,249.24,249.24,"3,958,800"
"Jan 31, 2017",249.24,255.89,247.70,251.93,251.93,"4,116,100"
"Jan 30, 2017",252.53,255.29,247.10,250.63,250.63,"3,801,100"
"Jan 27, 2017",251.38,253.00,248.52,252.95,252.95,"3,166,300"
"Jan 26, 2017",254.29,255.74,250.75,252.51,252.51,"3,152,100"
"Jan 25, 2017",257.31,258.46,251.80,254.47,254.47,"5,142,600"
"Jan 24, 2017",250.00,254.80,249.65,254.61,254.61,"4,965,500"
"Jan 23, 2017",245.85,250.89,245.50,248.92,248.92,"6,262,900"
"Jan 20, 2017",245.46,246.00,243.01,244.73,244.73,"4,204,300"
"Jan 19, 2017",247.25,248.68,240.75,243.76,243.76,"7,732,300"
"Jan 18, 2017",236.65,239.71,235.58,238.36,238.36,"3,769,000"
"Jan 17, 2017",236.70,239.96,234.37,235.58,235.58,"4,617,500"
"Jan 13, 2017",230.00,237.85,229.59,237.75,237.75,"6,093,000"
"Jan 12, 2017",229.06,230.70,225.58,229.59,229.59,"3,790,200"
"Jan 11, 2017",229.07,229.98,226.68,229.73,229.73,"3,650,800"
"Jan 10, 2017",232.00,232.00,226.89,229.87,229.87,"3,660,000"
"Jan 09, 2017",228.97,231.92,228.00,231.28,231.28,"3,979,500"
"Jan 06, 2017",226.93,230.31,225.45,229.01,229.01,"5,527,900"
"Jan 05, 2017",226.42,227.48,221.95,226.75,226.75,"5,911,700"
"Jan 04, 2017",214.75,228.00,214.31,226.99,226.99,"11,213,500"
"Jan 03, 2017",214.86,220.33,210.96,216.99,216.99,"5,923,300"
"Dec 30, 2016",216.30,217.50,211.68,213.69,213.69,"4,642,600"
"Dec 29, 2016",218.56,219.20,214.12,214.68,214.68,"4,045,000"
"Dec 28, 2016",221.53,223.80,217.20,219.74,219.74,"3,782,500"
"Dec 27, 2016",214.88,222.25,214.42,219.53,219.53,"5,915,700"
"Dec 23, 2016",208.00,213.45,207.71,213.34,213.34,"4,670,500"
"Dec 22, 2016",208.22,209.99,206.50,208.45,208.45,"3,111,100"
"Dec 21, 2016",208.45,212.23,207.41,207.70,207.70,"5,207,600"
"Dec 20, 2016",203.05,209.00,202.50,208.79,208.79,"4,689,100"
"Dec 19, 2016",202.49,204.45,199.84,202.73,202.73,"3,488,100"
"Dec 16, 2016",198.08,202.59,197.60,202.49,202.49,"3,796,900"
"Dec 15, 2016",198.41,200.74,197.39,197.58,197.58,"3,219,600"
"Dec 14, 2016",198.74,203.00,196.76,198.69,198.69,"4,150,900"
"Dec 13, 2016",193.18,201.28,193.00,198.15,198.15,"6,823,900"
"Dec 12, 2016",192.80,194.42,191.18,192.43,192.43,"2,438,900"
"Dec 09, 2016",190.87,193.84,190.81,192.18,192.18,"2,722,500"
"Dec 08, 2016",192.05,192.50,189.54,192.29,192.29,"3,194,100"
"Dec 07, 2016",186.15,193.40,185.00,193.15,193.15,"5,461,900"
"Dec 06, 2016",185.52,186.58,182.68,185.85,185.85,"3,391,600"
"Dec 05, 2016",182.51,188.89,182.51,186.80,186.80,"4,072,200"
"Dec 02, 2016",182.88,184.88,180.00,181.47,181.47,"4,042,300"
"Dec 01, 2016",188.25,188.53,181.00,181.88,181.88,"5,126,400"
"Nov 30, 2016",191.00,191.89,187.50,189.40,189.40,"3,547,100"
"Nov 29, 2016",195.56,196.73,189.50,189.57,189.57,"4,439,300"
"Nov 28, 2016",195.48,199.35,194.55,196.12,196.12,"4,529,200"
"Nov 25, 2016",193.64,197.24,193.64,196.65,196.65,"2,366,100"
"Nov 23, 2016",190.61,195.64,189.00,193.14,193.14,"4,891,900"
"Nov 22, 2016",185.84,191.47,183.71,191.17,191.17,"5,603,400"
"Nov 21, 2016",185.04,188.89,184.41,184.52,184.52,"4,361,000"
"Nov 18, 2016",190.65,193.00,185.00,185.02,185.02,"5,210,300"
"Nov 17, 2016",183.49,189.49,182.11,188.66,188.66,"4,887,100"
"Nov 16, 2016",182.65,184.73,181.21,183.93,183.93,"3,434,400"
"Nov 15, 2016",182.78,186.43,182.05,183.77,183.77,"3,902,000"
"Nov 14, 2016",188.00,188.25,178.19,181.45,181.45,"6,552,200"
"Nov 11, 2016",184.24,188.88,183.00,188.56,188.56,"3,988,500"
"Nov 10, 2016",191.05,191.61,180.42,185.35,185.35,"6,750,300"
"Nov 09, 2016",186.88,192.00,183.95,190.06,190.06,"8,173,100"
"Nov 08, 2016",193.79,197.49,191.26,194.94,194.94,"3,267,600"
"Nov 07, 2016",193.59,194.29,190.05,193.21,193.21,"3,870,100"
"Nov 04, 2016",189.00,193.46,185.96,190.56,190.56,"5,146,000"
"Nov 03, 2016",189.00,191.47,187.04,187.42,187.42,"2,653,000"
"Nov 02, 2016",190.05,192.70,187.51,188.02,188.02,"4,253,400"
"Nov 01, 2016",198.04,198.50,188.11,190.79,190.79,"7,060,000"
"Oct 31, 2016",202.49,202.49,195.81,197.73,197.73,"4,692,300"
"Oct 28, 2016",204.00,205.32,199.83,199.97,199.97,"4,280,100"
"Oct 27, 2016",211.34,213.70,201.65,204.01,204.01,"13,093,700"
"Oct 26, 2016",201.00,203.19,200.10,202.24,202.24,"5,632,800"
"Oct 25, 2016",202.90,204.69,201.20,202.34,202.34,"2,445,000"
"Oct 24, 2016",201.00,203.95,200.25,202.76,202.76,"2,751,600"
"Oct 21, 2016",198.60,201.57,197.41,200.09,200.09,"2,943,400"
"Oct 20, 2016",202.12,203.00,197.05,199.10,199.10,"5,072,900"
"Oct 19, 2016",199.74,206.66,198.06,203.56,203.56,"6,991,200"
"Oct 18, 2016",195.99,199.47,193.26,199.10,199.10,"5,680,500"
"Oct 17, 2016",197.05,198.39,192.00,193.96,193.96,"4,554,100"
"Oct 14, 2016",200.66,201.43,196.30,196.51,196.51,"4,269,900"
"Oct 13, 2016",200.50,200.90,197.05,200.24,200.24,"2,494,600"
"Oct 12, 2016",200.95,203.88,200.42,201.51,201.51,"1,970,700"
"Oct 11, 2016",201.85,202.20,198.31,200.10,200.10,"2,328,400"
"Oct 10, 2016",201.35,204.14,199.66,200.95,200.95,"3,316,300"
"Oct 07, 2016",201.00,201.32,195.80,196.61,196.61,"3,493,000"
"Oct 06, 2016",202.46,204.21,200.21,201.00,201.00,"4,703,400"
"Oct 05, 2016",212.24,213.15,208.12,208.46,208.46,"1,877,500"
"Oct 04, 2016",213.10,213.32,208.82,211.41,211.41,"3,541,500"
"Oct 03, 2016",212.30,215.67,208.25,213.70,213.70,"5,999,900"
"Sep 30, 2016",202.21,204.98,199.55,204.03,204.03,"2,586,300"
"Sep 29, 2016",205.60,207.33,200.58,200.70,200.70,"2,727,000"
"Sep 28, 2016",207.51,208.25,205.26,206.27,206.27,"2,088,400"
"Sep 27, 2016",209.65,209.98,204.61,205.81,205.81,"3,373,200"
"Sep 26, 2016",206.50,211.00,206.50,208.99,208.99,"2,394,400"
"Sep 23, 2016",205.99,210.18,205.67,207.45,207.45,"2,905,200"
"Sep 22, 2016",206.40,207.28,203.00,206.43,206.43,"2,382,900"
"Sep 21, 2016",206.37,207.00,201.56,205.22,205.22,"2,633,500"
"Sep 20, 2016",206.85,207.75,203.91,204.64,204.64,"2,410,500"
"Sep 19, 2016",207.00,209.43,205.00,206.34,206.34,"2,299,500"
"Sep 16, 2016",200.42,205.70,199.00,205.40,205.40,"3,107,800"
"Sep 15, 2016",196.49,202.52,196.40,200.42,200.42,"3,077,200"
"Sep 14, 2016",195.75,197.92,194.86,196.41,196.41,"2,254,500"
"Sep 13, 2016",197.06,198.49,193.45,196.05,196.05,"3,589,400"
"Sep 12, 2016",195.00,201.37,194.10,198.30,198.30,"3,715,200"
"Sep 09, 2016",199.09,199.92,193.70,194.47,194.47,"3,757,000"
"Sep 08, 2016",199.55,199.89,196.36,197.36,197.36,"3,377,900"
"Sep 07, 2016",205.50,206.50,200.71,201.71,201.71,"3,640,900"
"Sep 06, 2016",199.02,203.25,199.00,202.83,202.83,"4,390,600"
"Sep 02, 2016",202.33,203.20,196.20,197.78,197.78,"5,977,400"
"Sep 01, 2016",209.01,211.10,200.50,200.77,200.77,"7,943,100"
"Aug 31, 2016",210.43,212.60,208.65,212.01,212.01,"3,276,500"
"Aug 30, 2016",216.11,216.11,210.52,211.34,211.34,"3,168,900"
"Aug 29, 2016",220.15,220.40,215.00,215.20,215.20,"3,266,300"
"Aug 26, 2016",222.14,222.86,218.82,219.99,219.99,"2,239,000"
"Aug 25, 2016",223.11,223.80,220.77,220.96,220.96,"1,762,500"
"Aug 24, 2016",227.05,227.15,222.22,222.62,222.62,"2,570,700"
"Aug 23, 2016",224.32,228.49,222.80,224.84,224.84,"4,784,400"
"Aug 22, 2016",224.17,225.11,222.68,222.93,222.93,"2,065,500"
"Aug 19, 2016",223.54,225.17,222.53,225.00,225.00,"1,659,500"
"Aug 18, 2016",223.82,225.66,222.29,223.51,223.51,"1,714,500"
"Aug 17, 2016",224.33,224.83,222.80,223.24,223.24,"1,787,100"
"Aug 16, 2016",225.49,227.19,223.41,223.61,223.61,"2,267,100"
"Aug 15, 2016",226.02,229.50,224.93,225.59,225.59,"2,034,300"
"Aug 12, 2016",225.41,226.65,224.04,225.61,225.61,"1,813,500"
"Aug 11, 2016",226.17,227.57,223.41,224.91,224.91,"1,880,900"
"Aug 10, 2016",228.24,229.87,224.62,225.65,225.65,"2,338,300"
"Aug 09, 2016",226.82,231.54,226.65,229.08,229.08,"2,207,800"
"Aug 08, 2016",228.00,229.60,226.09,226.16,226.16,"2,263,600"
"Aug 05, 2016",230.00,232.00,227.40,230.03,230.03,"3,205,200"
"Aug 04, 2016",225.69,230.86,222.05,230.61,230.61,"4,147,000"
"Aug 03, 2016",227.37,229.70,224.21,225.79,225.79,"3,887,800"
"Aug 02, 2016",229.37,229.87,221.40,227.20,227.20,"3,934,400"
"Aug 01, 2016",235.50,236.63,229.38,230.01,230.01,"4,016,300"
"Jul 29, 2016",230.70,235.28,230.24,234.79,234.79,"3,070,800"
"Jul 28, 2016",227.95,230.76,226.60,230.61,230.61,"2,419,100"
"Jul 27, 2016",229.34,233.36,226.92,228.49,228.49,"2,889,000"
"Jul 26, 2016",227.69,230.00,225.30,229.51,229.51,"3,430,000"
"Jul 25, 2016",222.27,231.39,221.37,230.01,230.01,"4,490,700"
"Jul 22, 2016",221.99,224.50,218.88,222.27,222.27,"2,579,700"
"Jul 21, 2016",226.00,227.85,219.10,220.50,220.50,"4,428,700"
"Jul 20, 2016",226.47,229.80,225.00,228.36,228.36,"2,568,500"
"Jul 19, 2016",225.00,229.10,224.75,225.26,225.26,"3,115,100"
"Jul 18, 2016",219.64,227.09,218.30,226.25,226.25,"3,412,100"
"Jul 15, 2016",222.52,222.75,219.64,220.40,220.40,"2,234,200"
"Jul 14, 2016",223.12,224.94,221.05,221.53,221.53,"2,675,800"
"Jul 13, 2016",225.50,225.59,220.29,222.53,222.53,"3,567,100"
"Jul 12, 2016",224.10,227.50,223.22,224.65,224.65,"4,571,300"
"Jul 11, 2016",219.96,226.78,219.51,224.78,224.78,"5,429,800"
"Jul 08, 2016",217.80,219.81,214.50,216.78,216.78,"4,074,800"
"Jul 07, 2016",213.10,218.12,213.01,215.94,215.94,"3,612,000"
"Jul 06, 2016",210.00,215.23,209.00,214.44,214.44,"4,919,900"
"Jul 05, 2016",209.73,214.54,208.00,213.98,213.98,"5,175,300"
"Jul 01, 2016",206.14,218.24,206.00,216.50,216.50,"5,400,000"
"Jun 30, 2016",212.97,213.50,209.02,212.28,212.28,"4,843,100"
"Jun 29, 2016",205.13,211.78,203.00,210.19,210.19,"5,994,900"
"Jun 28, 2016",201.89,204.05,199.41,201.79,201.79,"6,212,400"
"Jun 27, 2016",190.86,198.81,187.87,198.55,198.55,"7,205,400"
"Jun 24, 2016",190.05,195.12,189.73,193.15,193.15,"7,026,500"
"Jun 23, 2016",195.69,197.55,192.13,196.40,196.40,"10,130,700"
"Jun 22, 2016",199.47,205.95,195.75,196.66,196.66,"23,742,400"
"Jun 21, 2016",220.68,222.57,218.81,219.61,219.61,"4,529,000"
"Jun 20, 2016",219.50,223.75,218.23,219.70,219.70,"3,555,500"
"Jun 17, 2016",217.81,219.99,214.50,215.47,215.47,"3,112,600"
"Jun 16, 2016",217.42,218.04,213.50,217.93,217.93,"2,440,300"
"Jun 15, 2016",216.95,221.90,215.13,217.70,217.70,"2,908,500"
"Jun 14, 2016",218.88,222.20,212.53,214.96,214.96,"3,580,200"
"Jun 13, 2016",219.50,225.77,217.66,217.87,217.87,"4,193,000"
"Jun 10, 2016",227.39,227.97,218.42,218.79,218.79,"6,026,600"
"Jun 09, 2016",234.98,235.33,227.06,229.36,229.36,"4,492,100"
"Jun 08, 2016",233.80,240.85,232.61,235.52,235.52,"5,972,000"
"Jun 07, 2016",222.24,234.44,221.52,232.34,232.34,"6,213,600"
"Jun 06, 2016",218.00,220.90,215.45,220.68,220.68,"2,249,500"
"Jun 03, 2016",220.00,221.94,218.01,218.99,218.99,"2,229,000"
"Jun 02, 2016",219.59,219.91,217.11,218.96,218.96,"2,032,800"
"Jun 01, 2016",221.48,222.40,216.89,219.56,219.56,"2,982,700"
"May 31, 2016",223.04,224.75,221.50,223.23,223.23,"2,789,000"
"May 27, 2016",224.99,225.93,220.75,223.04,223.04,"3,650,300"
"May 26, 2016",220.50,225.26,219.05,225.12,225.12,"4,072,400"
"May 25, 2016",217.91,221.36,216.51,219.58,219.58,"3,126,800"
"May 24, 2016",216.60,218.74,215.18,217.91,217.91,"3,013,800"
"May 23, 2016",219.87,222.60,215.86,216.22,216.22,"5,102,500"
"May 20, 2016",216.99,220.55,216.35,220.28,220.28,"9,007,100"
"May 19, 2016",213.62,216.79,207.30,215.21,215.21,"6,866,300"
"May 18, 2016",209.15,215.31,207.75,211.17,211.17,"5,617,500"
"May 17, 2016",209.05,209.82,204.02,204.66,204.66,"2,843,600"
"May 16, 2016",208.15,213.15,207.92,208.29,208.29,"2,949,400"
"May 13, 2016",207.78,211.20,206.70,207.61,207.61,"2,822,800"
"May 12, 2016",211.44,211.67,203.66,207.28,207.28,"3,650,500"
"May 11, 2016",207.59,215.48,206.05,208.96,208.96,"5,161,900"
"May 10, 2016",207.55,209.47,205.00,208.69,208.69,"4,070,600"
"May 09, 2016",215.72,216.15,206.80,208.92,208.92,"4,776,400"
"May 06, 2016",210.87,216.37,208.11,214.93,214.93,"5,685,200"
"May 05, 2016",228.46,228.64,209.79,211.53,211.53,"11,254,800"
"May 04, 2016",230.29,234.46,220.40,222.56,222.56,"8,700,500"
"May 03, 2016",237.36,238.91,231.62,232.32,232.32,"4,302,200"
"May 02, 2016",241.50,243.19,234.82,241.80,241.80,"3,843,900"
"Apr 29, 2016",248.14,248.43,237.81,240.76,240.76,"5,413,800"
"Apr 28, 2016",249.85,253.43,247.44,247.71,247.71,"2,519,000"
"Apr 27, 2016",252.75,255.00,249.40,251.47,251.47,"3,205,800"
"Apr 26, 2016",252.05,255.73,249.39,253.74,253.74,"3,223,800"
"Apr 25, 2016",253.01,257.38,250.76,251.82,251.82,"3,670,300"
"Apr 22, 2016",248.89,254.00,245.71,253.75,253.75,"3,786,300"
"Apr 21, 2016",248.99,250.90,246.91,248.29,248.29,"2,783,100"
"Apr 20, 2016",246.26,253.66,241.50,249.97,249.97,"5,194,100"
"Apr 19, 2016",253.12,254.37,241.25,247.37,247.37,"6,357,500"
"Apr 18, 2016",252.23,258.31,251.66,253.88,253.88,"4,271,400"
"Apr 15, 2016",251.31,254.60,249.12,254.51,254.51,"3,752,400"
"Apr 14, 2016",253.00,256.84,251.05,251.86,251.86,"4,132,200"
"Apr 13, 2016",248.51,255.50,247.33,254.53,254.53,"4,925,600"
"Apr 12, 2016",249.50,251.80,243.63,247.82,247.82,"5,763,200"
"Apr 11, 2016",251.00,258.99,245.30,249.92,249.92,"9,161,700"
"Apr 08, 2016",260.50,260.82,248.02,250.07,250.07,"7,363,900"
"Apr 07, 2016",266.45,269.34,254.51,257.20,257.20,"8,856,200"
"Apr 06, 2016",253.97,267.74,253.45,265.42,265.42,"11,705,500"
"Apr 05, 2016",240.50,256.56,240.00,255.47,255.47,"9,948,700"
"Apr 04, 2016",249.12,252.12,243.64,246.99,246.99,"13,475,300"
"Apr 01, 2016",244.83,247.90,233.25,237.59,237.59,"15,997,500"
"Mar 31, 2016",229.34,237.42,225.01,229.77,229.77,"8,012,900"
"Mar 30, 2016",235.09,235.50,226.50,226.89,226.89,"4,033,000"
"Mar 29, 2016",229.89,232.38,225.33,230.13,230.13,"4,014,300"
"Mar 28, 2016",231.61,234.81,225.00,230.26,230.26,"3,925,700"
"Mar 24, 2016",215.78,228.89,215.00,227.75,227.75,"4,960,900"
"Mar 23, 2016",232.37,234.73,222.03,222.58,222.58,"4,948,800"
"Mar 22, 2016",237.21,238.99,232.56,234.24,234.24,"4,316,000"
"Mar 21, 2016",235.34,239.88,235.00,238.32,238.32,"5,307,800"
"Mar 18, 2016",229.10,234.48,228.06,232.74,232.74,"4,711,800"
"Mar 17, 2016",221.47,228.50,220.00,226.38,226.38,"3,782,900"
"Mar 16, 2016",218.00,222.58,217.02,221.93,221.93,"3,516,700"
"Mar 15, 2016",214.27,218.97,211.50,218.34,218.34,"3,180,500"
"Mar 14, 2016",212.65,216.72,210.64,215.15,215.15,"4,065,700"
"Mar 11, 2016",207.93,209.42,205.33,207.50,207.50,"3,343,100"
"Mar 10, 2016",210.00,213.29,200.67,205.18,205.18,"5,192,500"
"Mar 09, 2016",204.52,209.37,202.79,208.72,208.72,"3,208,600"
"Mar 08, 2016",203.50,207.50,202.20,202.60,202.60,"4,178,700"
"Mar 07, 2016",197.68,209.70,197.40,205.29,205.29,"5,329,400"
"Mar 04, 2016",198.00,204.03,197.50,201.04,201.04,"6,489,100"
"Mar 03, 2016",188.28,197.42,184.22,195.74,195.74,"4,829,000"
"Mar 02, 2016",183.73,188.52,181.50,188.34,188.34,"4,862,400"
"Mar 01, 2016",194.25,195.95,182.70,186.35,186.35,"6,712,200"
"Feb 29, 2016",192.40,196.35,189.22,191.93,191.93,"4,499,000"
"Feb 26, 2016",188.70,192.00,185.00,190.34,190.34,"6,065,100"
"Feb 25, 2016",178.65,188.52,175.20,187.43,187.43,"5,750,700"
"Feb 24, 2016",172.75,179.50,167.84,179.00,179.00,"5,395,600"
"Feb 23, 2016",176.16,181.73,173.68,177.21,177.21,"5,984,400"
"Feb 22, 2016",170.12,178.91,169.85,177.74,177.74,"5,060,100"
"Feb 19, 2016",163.66,167.49,162.50,166.58,166.58,"2,959,400"
"Feb 18, 2016",172.42,172.95,164.77,166.77,166.77,"3,887,600"
"Feb 17, 2016",159.00,169.34,156.68,168.68,168.68,"5,825,200"
"Feb 16, 2016",158.70,162.95,154.11,155.17,155.17,"5,593,800"
"Feb 12, 2016",155.00,157.01,143.70,151.04,151.04,"7,235,800"
"Feb 11, 2016",152.00,163.26,147.00,150.47,150.47,"14,252,400"
"Feb 10, 2016",150.50,154.97,141.74,143.67,143.67,"10,406,500"
"Feb 09, 2016",142.32,159.79,141.05,148.25,148.25,"8,651,600"
"Feb 08, 2016",157.10,157.15,146.00,147.99,147.99,"9,313,000"
"Feb 05, 2016",171.30,173.00,157.74,162.60,162.60,"9,437,600"
"Feb 04, 2016",170.70,175.98,166.99,175.33,175.33,"4,385,400"
"Feb 03, 2016",183.59,183.94,170.18,173.48,173.48,"7,931,400"
"Feb 02, 2016",192.42,193.12,180.23,182.78,182.78,"5,773,600"
"Feb 01, 2016",188.76,199.52,182.75,196.94,196.94,"5,297,600"
"Jan 29, 2016",189.95,193.74,188.08,191.20,191.20,"2,852,300"
"Jan 28, 2016",190.79,191.28,182.41,189.70,189.70,"4,592,800"
"Jan 27, 2016",192.38,193.26,185.77,188.07,188.07,"3,617,200"
"Jan 26, 2016",196.70,197.82,188.88,193.56,193.56,"4,964,200"
"Jan 25, 2016",200.06,203.57,195.88,196.38,196.38,"2,698,700"
"Jan 22, 2016",204.80,205.50,199.03,202.55,202.55,"3,124,100"
"Jan 21, 2016",201.55,203.23,195.02,199.97,199.97,"3,166,200"
"Jan 20, 2016",199.40,201.28,191.25,198.70,198.70,"5,838,600"
"Jan 19, 2016",208.71,210.47,200.78,204.72,204.72,"4,038,700"
"Jan 15, 2016",198.97,205.07,197.25,204.99,204.99,"5,578,600"
"Jan 14, 2016",202.21,210.00,193.38,206.18,206.18,"6,490,700"
"Jan 13, 2016",212.01,212.65,200.00,200.31,200.31,"4,126,400"
"Jan 12, 2016",211.60,213.74,205.31,209.97,209.97,"3,091,900"
"Jan 11, 2016",214.01,214.45,203.00,207.85,207.85,"4,091,400"
"Jan 08, 2016",217.86,220.44,210.77,211.00,211.00,"3,628,100"
"Jan 07, 2016",214.19,218.44,213.67,215.65,215.65,"3,554,300"
"Jan 06, 2016",220.00,220.05,215.98,219.04,219.04,"3,779,100"
"Jan 05, 2016",226.36,226.89,220.00,223.43,223.43,"3,186,800"
"Jan 04, 2016",230.72,231.38,219.00,223.41,223.41,"6,827,100"
"Dec 31, 2015",238.51,243.45,238.37,240.01,240.01,"2,715,000"
"Dec 30, 2015",236.60,243.63,235.67,238.09,238.09,"3,697,900"
"Dec 29, 2015",230.06,237.72,229.55,237.19,237.19,"2,406,300"
"Dec 28, 2015",231.49,231.98,225.54,228.95,228.95,"1,901,300"
"Dec 24, 2015",230.56,231.88,228.28,230.57,230.57,"708,000"
"Dec 23, 2015",232.18,233.45,228.13,229.70,229.70,"1,555,000"
"Dec 22, 2015",234.99,236.55,229.63,229.95,229.95,"1,961,500"
"Dec 21, 2015",231.69,235.83,231.08,232.56,232.56,"1,953,200"
"Dec 18, 2015",232.89,235.90,229.29,230.46,230.46,"3,014,200"
"Dec 17, 2015",233.94,237.76,229.81,233.39,233.39,"3,298,600"
"Dec 16, 2015",222.10,234.88,220.73,234.51,234.51,"5,104,300"
"Dec 15, 2015",221.82,222.22,218.00,221.09,221.09,"2,244,400"
"Dec 14, 2015",217.51,220.92,214.87,218.58,218.58,"2,827,100"
"Dec 11, 2015",225.24,225.75,216.64,217.02,217.02,"3,268,700"
"Dec 10, 2015",224.71,228.49,223.64,227.07,227.07,"2,071,700"
"Dec 09, 2015",226.70,227.50,220.72,224.52,224.52,"3,057,800"
"Dec 08, 2015",227.52,228.80,224.20,226.72,226.72,"2,687,600"
"Dec 07, 2015",227.70,235.63,226.15,231.13,231.13,"3,144,200"
"Dec 04, 2015",232.46,233.27,227.66,230.38,230.38,"2,573,600"
"Dec 03, 2015",235.48,237.45,230.00,232.71,232.71,"2,939,600"
"Dec 02, 2015",237.00,238.60,231.23,231.99,231.99,"2,981,500"
"Dec 01, 2015",231.06,238.00,231.05,237.19,237.19,"3,734,000"
"Nov 30, 2015",231.79,234.28,229.08,230.26,230.26,"2,659,800"
"Nov 27, 2015",231.06,232.25,227.01,231.61,231.61,"1,949,400"
"Nov 25, 2015",221.34,230.83,220.38,229.64,229.64,"3,990,800"
"Nov 24, 2015",215.37,221.00,215.00,218.25,218.25,"2,480,300"
"Nov 23, 2015",217.35,219.18,214.68,217.75,217.75,"2,526,200"
"Nov 20, 2015",223.49,225.00,213.58,220.01,220.01,"4,400,700"
"Nov 19, 2015",220.54,226.19,220.30,221.80,221.80,"2,504,400"
"Nov 18, 2015",214.50,221.38,212.52,221.07,221.07,"2,811,900"
"Nov 17, 2015",215.20,216.00,211.40,214.00,214.00,"2,148,700"
"Nov 16, 2015",206.09,214.98,205.80,214.31,214.31,"2,925,400"
"Nov 13, 2015",212.95,212.99,206.52,207.19,207.19,"3,430,300"
"Nov 12, 2015",217.85,219.00,212.66,212.94,212.94,"2,915,900"
"Nov 11, 2015",217.77,219.48,213.63,219.08,219.08,"3,347,800"
"Nov 10, 2015",223.48,223.70,216.08,216.50,216.50,"4,617,000"
"Nov 09, 2015",232.99,232.99,224.31,225.33,225.33,"3,850,900"
"Nov 06, 2015",230.70,233.36,229.50,232.36,232.36,"2,445,300"
"Nov 05, 2015",230.58,234.58,229.19,231.77,231.77,"4,496,800"
"Nov 04, 2015",227.00,232.74,225.20,231.63,231.63,"12,726,400"
"Nov 03, 2015",213.85,214.44,207.75,208.35,208.35,"8,332,500"
"Nov 02, 2015",208.92,215.80,207.22,213.79,213.79,"3,927,900"
"Oct 30, 2015",210.40,211.63,203.89,206.93,206.93,"4,438,900"
"Oct 29, 2015",211.75,213.75,210.64,211.63,211.63,"1,805,000"
"Oct 28, 2015",211.31,213.45,208.30,212.96,212.96,"2,728,600"
"Oct 27, 2015",214.84,217.10,207.51,210.35,210.35,"3,519,400"
"Oct 26, 2015",211.38,215.88,210.00,215.26,215.26,"3,391,400"
"Oct 23, 2015",215.00,215.35,207.69,209.09,209.09,"4,235,500"
"Oct 22, 2015",211.56,215.75,209.40,211.72,211.72,"2,825,200"
"Oct 21, 2015",211.99,214.81,208.80,210.09,210.09,"4,151,500"
"Oct 20, 2015",227.72,228.60,202.00,213.03,213.03,"14,900,000"
"Oct 19, 2015",226.50,231.15,224.94,228.10,228.10,"2,507,900"
"Oct 16, 2015",223.04,230.48,222.87,227.01,227.01,"4,334,500"
"Oct 15, 2015",216.43,221.73,213.70,221.31,221.31,"2,844,200"
"Oct 14, 2015",220.67,220.95,215.43,216.88,216.88,"3,104,400"
"Oct 13, 2015",213.28,222.52,211.13,219.25,219.25,"5,171,500"
"Oct 12, 2015",222.99,223.00,215.27,215.58,215.58,"3,836,300"
"Oct 09, 2015",220.93,224.37,218.36,220.69,220.69,"6,158,400"
"Oct 08, 2015",230.08,230.72,221.31,226.72,226.72,"6,133,200"
"Oct 07, 2015",236.63,237.70,229.12,231.96,231.96,"6,814,000"
"Oct 06, 2015",240.00,243.03,235.58,241.46,241.46,"5,225,200"
"Oct 05, 2015",248.84,249.84,244.13,246.15,246.15,"3,689,900"
"Oct 02, 2015",235.60,247.70,234.93,247.57,247.57,"4,424,000"
"Oct 01, 2015",247.51,248.50,237.13,239.88,239.88,"4,573,000"
"Sep 30, 2015",252.00,252.40,242.34,248.40,248.40,"4,929,600"
"Sep 29, 2015",250.46,254.73,245.46,246.65,246.65,"3,703,200"
"Sep 28, 2015",257.35,259.79,246.61,248.43,248.43,"4,901,100"
"Sep 25, 2015",266.61,266.91,256.15,256.91,256.91,"3,773,400"
"Sep 24, 2015",259.53,263.45,256.21,263.12,263.12,"3,448,200"
"Sep 23, 2015",261.95,262.08,257.58,261.06,261.06,"2,600,800"
"Sep 22, 2015",259.03,262.65,255.87,260.94,260.94,"3,664,400"
"Sep 21, 2015",263.98,271.57,255.80,264.20,264.20,"6,120,200"
"Sep 18, 2015",257.96,263.82,257.50,260.62,260.62,"3,763,100"
"Sep 17, 2015",263.96,265.50,260.69,262.07,262.07,"3,585,800"
"Sep 16, 2015",253.04,262.88,252.88,262.25,262.25,"4,417,100"
"Sep 15, 2015",252.75,254.60,249.50,253.57,253.57,"2,933,500"
"Sep 14, 2015",251.10,254.25,249.67,253.19,253.19,"2,890,900"
"Sep 11, 2015",247.64,250.24,244.73,250.24,250.24,"2,350,800"
"Sep 10, 2015",247.23,250.72,245.33,248.48,248.48,"2,709,000"
"Sep 09, 2015",252.05,254.25,248.30,248.91,248.91,"3,390,800"
"Sep 08, 2015",245.05,249.16,244.05,248.17,248.17,"3,138,200"
"Sep 04, 2015",240.89,244.09,238.20,241.93,241.93,"3,689,200"
"Sep 03, 2015",252.06,252.08,245.00,245.57,245.57,"4,194,800"
"Sep 02, 2015",245.30,247.88,239.78,247.69,247.69,"4,629,200"
"Sep 01, 2015",240.34,246.00,236.97,238.63,238.63,"5,454,800"
"Aug 31, 2015",245.62,254.95,245.51,249.06,249.06,"4,700,200"
"Aug 28, 2015",241.86,251.45,241.57,248.48,248.48,"5,513,700"
"Aug 27, 2015",231.00,244.75,230.81,242.99,242.99,"7,656,000"
"Aug 26, 2015",227.93,228.00,215.51,224.84,224.84,"4,963,000"
"Aug 25, 2015",230.52,230.90,219.12,220.03,220.03,"4,327,300"
"Aug 24, 2015",202.79,231.40,195.00,218.87,218.87,"9,581,600"
"Aug 21, 2015",236.00,243.80,230.51,230.77,230.77,"6,590,200"
"Aug 20, 2015",252.06,254.56,241.90,242.18,242.18,"4,905,800"
"Aug 19, 2015",260.33,260.65,255.02,255.25,255.25,"3,604,300"
"Aug 18, 2015",255.38,260.95,253.56,260.72,260.72,"4,195,000"
"Aug 17, 2015",255.56,256.59,250.51,254.99,254.99,"7,176,700"
"Aug 14, 2015",247.24,247.93,241.77,243.15,243.15,"4,364,800"
"Aug 13, 2015",239.86,246.48,239.12,242.51,242.51,"4,689,200"
"Aug 12, 2015",235.00,239.77,232.74,238.17,238.17,"3,728,000"
"Aug 11, 2015",237.15,239.30,234.44,237.37,237.37,"4,264,900"
"Aug 10, 2015",238.15,242.97,236.05,241.14,241.14,"4,185,900"
"Aug 07, 2015",243.58,243.73,238.39,242.51,242.51,"5,073,400"
"Aug 06, 2015",249.54,255.00,236.12,246.13,246.13,"14,623,800"
"Aug 05, 2015",263.58,271.00,260.40,270.13,270.13,"6,214,300"
"Aug 04, 2015",260.01,266.72,258.34,266.28,266.28,"2,352,500"
"Aug 03, 2015",266.29,266.71,257.07,259.99,259.99,"2,553,500"
"Jul 31, 2015",267.60,269.36,265.12,266.15,266.15,"2,222,600"
"Jul 30, 2015",262.69,266.94,262.11,266.79,266.79,"2,034,600"
"Jul 29, 2015",264.27,267.89,262.00,263.82,263.82,"2,790,100"
"Jul 28, 2015",255.75,265.40,251.84,264.82,264.82,"3,895,800"
